select vault.create_secret('http://host.docker.internal:54321', 'project-url');
select vault.create_secret('http://host.docker.internal:54321/functions/v1', 'functions-endpoint');
select vault.create_secret('eyJhbGciOiJIUzI1NiIsInR5cCI6IkpXVCJ9.eyJpc3MiOiJzdXBhYmFzZS1kZW1vIiwicm9sZSI6InNlcnZpY2Vfcm9sZSIsImV4cCI6MTk4MzgxMjk5Nn0.EGIM96RAZx35lJzdJsyH-qQwv8Hdp7fsn3W0YpN81IU','service-role-key');
select vault.create_secret('sb_secret_N7UND0UgjKTVK-Uodkm0Hg_xSvEMPvz','sb-secret');

insert into auth.users(instance_id, id, aud, role, email, encrypted_password, email_confirmed_at, recovery_sent_at, last_sign_in_at, raw_app_meta_data, raw_user_meta_data, created_at, updated_at, confirmation_token, email_change, email_change_token_new, recovery_token)
values('00000000-0000-0000-0000-000000000000', '00000000-0000-0000-0000-000000000000', 'authenticated', 'authenticated', 'admin@mylogly.app', crypt('Test123#', gen_salt('bf', 12)), now() at time zone 'utc', now() at time zone 'utc', now() at time zone 'utc', '{"provider":"email","providers":["email"]}', '{}', now() at time zone 'utc', now() at time zone 'utc', '', '', '', '');

insert into auth.identities (id, user_id, provider_id, identity_data, provider, last_sign_in_at, created_at, updated_at)
values(gen_random_uuid(), '00000000-0000-0000-0000-000000000000', '00000000-0000-0000-0000-000000000000', format('{"sub":"%s","email":"%s"}', '00000000-0000-0000-0000-000000000000', 'admin@mylogly.app')::jsonb, 'email', now() at time zone 'utc', now() at time zone 'utc', now() at time zone 'utc');

insert into public.activity_category (activity_category_id, created_at, created_by, name, description, hex_color, icon, legacy_id, sort_order) values 
  ('ab5fb53e-5deb-557d-bb27-f96513e93398', clock_timestamp(), '00000000-0000-0000-0000-000000000000', 'Workouts', null, '#E8131A', 'https://loglyimages.s3.us-east-2.amazonaws.com/icons8-dumbbell-50.png', 1, 0),
  ('3eac30f9-6132-5b34-9d05-7f7317b53d9d', clock_timestamp(), '00000000-0000-0000-0000-000000000000', 'Sports', null, '#139E1F', 'https://loglyimages.s3.us-east-2.amazonaws.com/icons8_basketball_player_50px_1.png', 2, 1),
  ('57f92bb0-6555-5cea-b4d1-a104039b61e0', clock_timestamp(), '00000000-0000-0000-0000-000000000000', 'Mind & Body', null, '#0063B1', 'https://loglyimages.s3.us-east-2.amazonaws.com/icons8-sauna-50.png', 3, 2),
  ('aa67710b-2ad1-5360-99c6-b01cd33e7c27', clock_timestamp(), '00000000-0000-0000-0000-000000000000', 'Others', null, '#FF6D00', 'https://loglyimages.s3.us-east-2.amazonaws.com/icons8-infinite-50.png', 4, 3),
  ('70d3e675-45e6-51fb-9c6c-fae4b46cbafa', clock_timestamp(), '00000000-0000-0000-0000-000000000000', 'Health', null, '#4A4A4A', 'https://loglyimages.s3.us-east-2.amazonaws.com/icons8-heart-health-50.png', 6, 4),
  ('20350377-ebea-5ec5-8e60-cb01044b416d', clock_timestamp(), '00000000-0000-0000-0000-000000000000', 'Experiences', null, '#8E44AD', 'https://loglyimages.s3.us-east-2.amazonaws.com/vacation.png', 12, 5);

insert into public.activity (activity_id, created_at, created_by, name, description, icon, legacy_id, activity_date_type, activity_category_id) values 
  ('13d13031-dffb-5e15-87dc-1e842435b1a5', clock_timestamp(), '00000000-0000-0000-0000-000000000000', 'Barre', null, 'https://loglyimages.s3.us-east-2.amazonaws.com/icons8-stretching-hamstring-50.png', 1, 'single', 'ab5fb53e-5deb-557d-bb27-f96513e93398'),
  ('0ede326d-522d-53f5-ae0e-7540b0816e77', clock_timestamp(), '00000000-0000-0000-0000-000000000000', 'Boxing', null, 'https://loglyimages.s3.us-east-2.amazonaws.com/icons8-boxing-60.png', 2, 'single', 'ab5fb53e-5deb-557d-bb27-f96513e93398'),
  ('824d20db-cc0f-507d-9838-962633f460c2', clock_timestamp(), '00000000-0000-0000-0000-000000000000', 'Cardio (Mixed)', null, 'https://loglyimages.s3.us-east-2.amazonaws.com/icons8-heart-with-pulse-100.png', 3, 'single', 'ab5fb53e-5deb-557d-bb27-f96513e93398'),
  ('19d30981-bc86-545c-97e4-53d1a3db2313', clock_timestamp(), '00000000-0000-0000-0000-000000000000', 'Climb', null, 'https://loglyimages.s3.us-east-2.amazonaws.com/icons8-climbing-50.png', 4, 'single', '3eac30f9-6132-5b34-9d05-7f7317b53d9d'),
  ('07131afc-bdd1-5040-9eef-f636dc56d11b', clock_timestamp(), '00000000-0000-0000-0000-000000000000', 'Core Training', null, 'https://loglyimages.s3.us-east-2.amazonaws.com/icons8-pilates-50.png', 5, 'single', 'ab5fb53e-5deb-557d-bb27-f96513e93398'),
  ('68e96e11-96c8-5cc2-b8b0-9a4529fdfe98', clock_timestamp(), '00000000-0000-0000-0000-000000000000', 'Cross Training', null, 'https://loglyimages.s3.us-east-2.amazonaws.com/icons8-exercise-50.png', 6, 'single', 'ab5fb53e-5deb-557d-bb27-f96513e93398'),
  ('925a01b6-d9c1-5908-bdd1-6b460f414db5', clock_timestamp(), '00000000-0000-0000-0000-000000000000', 'CrossFit', null, 'https://loglyimages.s3.us-east-2.amazonaws.com/icons8-crossfit-50.png', 7, 'single', 'ab5fb53e-5deb-557d-bb27-f96513e93398'),
  ('8870faea-30d4-52db-9659-8c75a0ba9ce3', clock_timestamp(), '00000000-0000-0000-0000-000000000000', 'Cycling', null, 'https://loglyimages.s3.us-east-2.amazonaws.com/icons8-cycling-50.png', 8, 'single', 'ab5fb53e-5deb-557d-bb27-f96513e93398'),
  ('45f7c242-baab-5cba-be1c-8d96ea98a471', clock_timestamp(), '00000000-0000-0000-0000-000000000000', 'Elliptical', null, 'https://loglyimages.s3.us-east-2.amazonaws.com/icons8-elliptical-60.png', 9, 'single', 'ab5fb53e-5deb-557d-bb27-f96513e93398'),
  ('6e0d91f2-49dd-5018-896f-681a212cd475', clock_timestamp(), '00000000-0000-0000-0000-000000000000', 'HIIT', null, 'https://loglyimages.s3.us-east-2.amazonaws.com/icons8-exercise-50.png', 10, 'single', 'ab5fb53e-5deb-557d-bb27-f96513e93398'),
  ('bce5b280-977d-543f-b56d-20b1e3b3bc2f', clock_timestamp(), '00000000-0000-0000-0000-000000000000', 'Hiking', null, 'https://loglyimages.s3.us-east-2.amazonaws.com/icons8-trekking-50.png', 11, 'single', 'ab5fb53e-5deb-557d-bb27-f96513e93398'),
  ('58859c56-9464-5305-a374-c66656834d1a', clock_timestamp(), '00000000-0000-0000-0000-000000000000', 'Jump Rope', null, 'https://loglyimages.s3.us-east-2.amazonaws.com/jump_rope.png', 12, 'single', 'ab5fb53e-5deb-557d-bb27-f96513e93398'),
  ('fdc943fb-b2db-50f9-9622-97f61072cc50', clock_timestamp(), '00000000-0000-0000-0000-000000000000', 'Kickbox', null, 'https://loglyimages.s3.us-east-2.amazonaws.com/icons8-fight-100.png', 13, 'single', 'ab5fb53e-5deb-557d-bb27-f96513e93398'),
  ('14447054-b475-51ba-bb70-d394bccf9044', clock_timestamp(), '00000000-0000-0000-0000-000000000000', 'Pilates', null, 'https://loglyimages.s3.us-east-2.amazonaws.com/icons8-pilates-50.png', 14, 'single', 'ab5fb53e-5deb-557d-bb27-f96513e93398'),
  ('815db158-0e6a-5d40-b54f-365cae33cbb5', clock_timestamp(), '00000000-0000-0000-0000-000000000000', 'Rower', null, 'https://loglyimages.s3.us-east-2.amazonaws.com/icons8-rowing-machine-50.png', 15, 'single', 'ab5fb53e-5deb-557d-bb27-f96513e93398'),
  ('0b43c0a1-9849-5f47-b11e-2f2aed897e49', clock_timestamp(), '00000000-0000-0000-0000-000000000000', 'Run', null, 'https://loglyimages.s3.us-east-2.amazonaws.com/icons8-running-50_(1).png', 16, 'single', 'ab5fb53e-5deb-557d-bb27-f96513e93398'),
  ('c4fc9dfa-b272-5476-926d-524f4b19964f', clock_timestamp(), '00000000-0000-0000-0000-000000000000', 'Sauna', null, 'https://loglyimages.s3.us-east-2.amazonaws.com/sauna.png', 17, 'single', '57f92bb0-6555-5cea-b4d1-a104039b61e0'),
  ('50e07fb4-e6bb-5193-b70b-db56b94e1a3c', clock_timestamp(), '00000000-0000-0000-0000-000000000000', 'Skating', null, 'https://loglyimages.s3.us-east-2.amazonaws.com/icons8-skateboarding-50.png', 18, 'single', '3eac30f9-6132-5b34-9d05-7f7317b53d9d'),
  ('5ca919b2-5b4d-59c5-ba55-fd509a9bdef0', clock_timestamp(), '00000000-0000-0000-0000-000000000000', 'Stairs', null, 'https://loglyimages.s3.us-east-2.amazonaws.com/stair_stepper.png', 19, 'single', 'ab5fb53e-5deb-557d-bb27-f96513e93398'),
  ('1bd92b1c-1c91-537c-938e-9a0243bff017', clock_timestamp(), '00000000-0000-0000-0000-000000000000', 'Steam Room', null, 'https://loglyimages.s3.us-east-2.amazonaws.com/sauna.png', 21, 'single', '57f92bb0-6555-5cea-b4d1-a104039b61e0'),
  ('ccbdf98f-cddb-5242-a68b-ce69fc0880c8', clock_timestamp(), '00000000-0000-0000-0000-000000000000', 'Stretching', null, 'https://loglyimages.s3.us-east-2.amazonaws.com/icons8-stretching-50.png', 22, 'single', 'ab5fb53e-5deb-557d-bb27-f96513e93398'),
  ('647223e3-ff67-597d-bea4-6b188ea08872', clock_timestamp(), '00000000-0000-0000-0000-000000000000', 'Walk', null, 'https://loglyimages.s3.us-east-2.amazonaws.com/icons8-walking-50.png', 24, 'single', 'ab5fb53e-5deb-557d-bb27-f96513e93398'),
  ('dd424672-11e2-5f5a-a695-f84ecdb17251', clock_timestamp(), '00000000-0000-0000-0000-000000000000', 'Water Fitness', null, 'https://loglyimages.s3.us-east-2.amazonaws.com/water_fitness.png', 25, 'single', 'ab5fb53e-5deb-557d-bb27-f96513e93398'),
  ('a67e680e-460a-5941-9fa8-56bf5a2ebce6', clock_timestamp(), '00000000-0000-0000-0000-000000000000', 'Weight Lifting', null, 'https://loglyimages.s3.us-east-2.amazonaws.com/icons8-weightlifting-50.png', 26, 'single', 'ab5fb53e-5deb-557d-bb27-f96513e93398'),
  ('7f4c9d8f-91f3-5e0e-8f0c-c63d79e59bec', clock_timestamp(), '00000000-0000-0000-0000-000000000000', 'Yoga', null, 'https://loglyimages.s3.us-east-2.amazonaws.com/yoga-posture.png', 27, 'single', 'ab5fb53e-5deb-557d-bb27-f96513e93398'),
  ('370dc58b-3eb5-5f50-a1e3-36a14e563576', clock_timestamp(), '00000000-0000-0000-0000-000000000000', 'Strength Training', null, 'https://loglyimages.s3.us-east-2.amazonaws.com/icons8-crossfit-50.png', 28, 'single', 'ab5fb53e-5deb-557d-bb27-f96513e93398'),
  ('3eb52427-efb7-5e5c-a672-12bbf796b6fb', clock_timestamp(), '00000000-0000-0000-0000-000000000000', 'Archery', null, 'https://loglyimages.s3.us-east-2.amazonaws.com/icons8_archer_50px_1.png', 29, 'single', '3eac30f9-6132-5b34-9d05-7f7317b53d9d'),
  ('d092d4fc-ea8d-58ca-971e-c5a6c65acee2', clock_timestamp(), '00000000-0000-0000-0000-000000000000', 'Badminton', null, 'https://loglyimages.s3.us-east-2.amazonaws.com/icons8_badminton_50px_1.png', 30, 'single', '3eac30f9-6132-5b34-9d05-7f7317b53d9d'),
  ('b420c46c-5e91-5171-b308-089d1d068d06', clock_timestamp(), '00000000-0000-0000-0000-000000000000', 'Baseball', null, 'https://loglyimages.s3.us-east-2.amazonaws.com/icons8_baseball_player_50px.png', 31, 'single', '3eac30f9-6132-5b34-9d05-7f7317b53d9d'),
  ('45cbe4d6-2b12-53f3-90cc-cd8f5da3442c', clock_timestamp(), '00000000-0000-0000-0000-000000000000', 'Basketball', null, 'https://loglyimages.s3.us-east-2.amazonaws.com/icons8_basketball_player_50px_1.png', 32, 'single', '3eac30f9-6132-5b34-9d05-7f7317b53d9d'),
  ('c5945008-4078-5293-8c7f-d9d25da915bb', clock_timestamp(), '00000000-0000-0000-0000-000000000000', 'Bowling', null, 'https://loglyimages.s3.us-east-2.amazonaws.com/icons8_bowling_50px_1.png', 33, 'single', '3eac30f9-6132-5b34-9d05-7f7317b53d9d'),
  ('22a91a4a-61b8-5686-b0a5-aaf5f7b265a4', clock_timestamp(), '00000000-0000-0000-0000-000000000000', 'Climbing', null, 'https://loglyimages.s3.us-east-2.amazonaws.com/icons8-climbing-50.png', 34, 'single', '3eac30f9-6132-5b34-9d05-7f7317b53d9d'),
  ('3bee367c-f6b6-5dae-bda4-2e3813ab0ce5', clock_timestamp(), '00000000-0000-0000-0000-000000000000', 'Cricket', null, 'https://loglyimages.s3.us-east-2.amazonaws.com/icons8_cricket_50px.png', 35, 'single', '3eac30f9-6132-5b34-9d05-7f7317b53d9d'),
  ('11a8adb4-16a2-5cfe-9412-f583056b72d1', clock_timestamp(), '00000000-0000-0000-0000-000000000000', 'Cross-Country Skiing', null, 'https://loglyimages.s3.us-east-2.amazonaws.com/icons8_cross_country_skiing_50px_1.png', 36, 'single', '3eac30f9-6132-5b34-9d05-7f7317b53d9d'),
  ('182a8a16-1618-51a4-86b8-c5481f52f787', clock_timestamp(), '00000000-0000-0000-0000-000000000000', 'Curling', null, 'https://loglyimages.s3.us-east-2.amazonaws.com/icons8-curling-stone-90 (1).png', 37, 'single', '3eac30f9-6132-5b34-9d05-7f7317b53d9d'),
  ('100073e3-fcb1-5cc9-9598-7f3dd859758d', clock_timestamp(), '00000000-0000-0000-0000-000000000000', 'Dance', null, 'https://loglyimages.s3.us-east-2.amazonaws.com/icons8_tango_50px_2.png', 38, 'single', '3eac30f9-6132-5b34-9d05-7f7317b53d9d'),
  ('0c5f4897-609c-59df-b938-8aaa7cc1176d', clock_timestamp(), '00000000-0000-0000-0000-000000000000', 'Equestrian Sports', null, 'https://loglyimages.s3.us-east-2.amazonaws.com/icons8_horseback_riding_50px1.png', 39, 'single', '3eac30f9-6132-5b34-9d05-7f7317b53d9d'),
  ('a42c4d0a-dd38-5fa0-acd3-7692f4f8388a', clock_timestamp(), '00000000-0000-0000-0000-000000000000', 'Fencing', null, 'https://loglyimages.s3.us-east-2.amazonaws.com/icons8_fencing_50px.png', 40, 'single', '3eac30f9-6132-5b34-9d05-7f7317b53d9d'),
  ('450bb979-7a8e-569b-b6b7-0ba5fec9ba53', clock_timestamp(), '00000000-0000-0000-0000-000000000000', 'Fishing', null, 'https://loglyimages.s3.us-east-2.amazonaws.com/icons8_fishing_pole_50px.png', 41, 'single', '3eac30f9-6132-5b34-9d05-7f7317b53d9d'),
  ('0898b4a2-fa32-544a-b5ca-eb87ac0d675a', clock_timestamp(), '00000000-0000-0000-0000-000000000000', 'Football', null, 'https://loglyimages.s3.us-east-2.amazonaws.com/icons8_american_football_50px.png', 42, 'single', '3eac30f9-6132-5b34-9d05-7f7317b53d9d'),
  ('45da7e21-ae98-57e2-9207-ab7862b658d9', clock_timestamp(), '00000000-0000-0000-0000-000000000000', 'Gymnastics', null, 'https://loglyimages.s3.us-east-2.amazonaws.com/icons8_acrobatics_50px.png', 43, 'single', '3eac30f9-6132-5b34-9d05-7f7317b53d9d'),
  ('2b1ab2d6-641d-57e3-a2d4-bc3ab26a9b68', clock_timestamp(), '00000000-0000-0000-0000-000000000000', 'Handball', null, 'https://loglyimages.s3.us-east-2.amazonaws.com/icons8_handball_50px.png', 44, 'single', '3eac30f9-6132-5b34-9d05-7f7317b53d9d'),
  ('396d1850-fcf8-59fe-93fe-85b5b8dc8dc5', clock_timestamp(), '00000000-0000-0000-0000-000000000000', 'Hockey', null, 'https://loglyimages.s3.us-east-2.amazonaws.com/icons8_field_hockey_50px.png', 45, 'single', '3eac30f9-6132-5b34-9d05-7f7317b53d9d'),
  ('f0bf16c1-8419-5a14-ae5b-dc9cc79f8f1e', clock_timestamp(), '00000000-0000-0000-0000-000000000000', 'Hunting', null, 'https://loglyimages.s3.us-east-2.amazonaws.com/icons8_hunt_50px.png', 46, 'range', '3eac30f9-6132-5b34-9d05-7f7317b53d9d'),
  ('6b22ab7a-7f9d-5bed-9ff8-d6406809a421', clock_timestamp(), '00000000-0000-0000-0000-000000000000', 'Lacrosse', null, 'https://loglyimages.s3.us-east-2.amazonaws.com/icons8_lacrosse_player_50px.png', 47, 'single', '3eac30f9-6132-5b34-9d05-7f7317b53d9d'),
  ('ae9673db-b72e-57cd-a542-74369fc86753', clock_timestamp(), '00000000-0000-0000-0000-000000000000', 'Martial Arts', null, 'https://loglyimages.s3.us-east-2.amazonaws.com/icons8-fight-100.png', 48, 'single', '3eac30f9-6132-5b34-9d05-7f7317b53d9d'),
  ('3bc8434b-7fcc-5403-b679-f5356116f329', clock_timestamp(), '00000000-0000-0000-0000-000000000000', 'Racquetball', null, 'https://loglyimages.s3.us-east-2.amazonaws.com/racquetball.png', 49, 'single', '3eac30f9-6132-5b34-9d05-7f7317b53d9d'),
  ('c07b4ff9-a962-5267-b41e-5d667d199661', clock_timestamp(), '00000000-0000-0000-0000-000000000000', 'Rugby', null, 'https://loglyimages.s3.us-east-2.amazonaws.com/rugby.png', 50, 'single', '3eac30f9-6132-5b34-9d05-7f7317b53d9d'),
  ('00c95925-b8fb-5451-be92-378bd428a20a', clock_timestamp(), '00000000-0000-0000-0000-000000000000', 'Sailing', null, 'https://loglyimages.s3.us-east-2.amazonaws.com/sailing.png', 51, 'range', '3eac30f9-6132-5b34-9d05-7f7317b53d9d'),
  ('e8791fb3-bbcc-57e6-8371-b8d1eff192fa', clock_timestamp(), '00000000-0000-0000-0000-000000000000', 'Skiing', null, 'https://loglyimages.s3.us-east-2.amazonaws.com/skiing.png', 52, 'single', '3eac30f9-6132-5b34-9d05-7f7317b53d9d'),
  ('2f51aad2-bc70-58fe-9891-fe06df4cb885', clock_timestamp(), '00000000-0000-0000-0000-000000000000', 'Snowboarding', null, 'https://loglyimages.s3.us-east-2.amazonaws.com/icons8_snowboarding_50px.png', 54, 'single', '3eac30f9-6132-5b34-9d05-7f7317b53d9d'),
  ('efbdbb4f-71e0-5e1b-b0eb-5d706cbcea36', clock_timestamp(), '00000000-0000-0000-0000-000000000000', 'Soccer', null, 'https://loglyimages.s3.us-east-2.amazonaws.com/icons8_soccer_50px_1.png', 55, 'single', '3eac30f9-6132-5b34-9d05-7f7317b53d9d'),
  ('d8716c0a-ba51-5b49-8bd1-43a601a8b018', clock_timestamp(), '00000000-0000-0000-0000-000000000000', 'Softball', null, 'https://loglyimages.s3.us-east-2.amazonaws.com/icons8_baseball_player_50px.png', 56, 'single', '3eac30f9-6132-5b34-9d05-7f7317b53d9d'),
  ('1574a40d-17b1-5331-982e-d1c7d808420b', clock_timestamp(), '00000000-0000-0000-0000-000000000000', 'Squash', null, 'https://loglyimages.s3.us-east-2.amazonaws.com/icons8_squash_racquet_50px_2.png', 57, 'single', '3eac30f9-6132-5b34-9d05-7f7317b53d9d'),
  ('deb94022-33d7-5020-aa86-ca2efc86aa23', clock_timestamp(), '00000000-0000-0000-0000-000000000000', 'Surfing', null, 'https://loglyimages.s3.us-east-2.amazonaws.com/surfing.png', 58, 'single', '3eac30f9-6132-5b34-9d05-7f7317b53d9d'),
  ('e9e5d45a-1e33-5803-8614-ee2dd87ce8f2', clock_timestamp(), '00000000-0000-0000-0000-000000000000', 'Table Tennis', null, 'https://loglyimages.s3.us-east-2.amazonaws.com/icons8_ping_pong_50px_2.png', 60, 'single', '3eac30f9-6132-5b34-9d05-7f7317b53d9d'),
  ('1bc4d2ee-df42-5f55-ad54-bbee92af6137', clock_timestamp(), '00000000-0000-0000-0000-000000000000', 'Tennis', null, 'https://loglyimages.s3.us-east-2.amazonaws.com/icons8_tennis_player_50px.png', 61, 'single', '3eac30f9-6132-5b34-9d05-7f7317b53d9d'),
  ('c67f6787-3818-52f1-8094-49f25135337b', clock_timestamp(), '00000000-0000-0000-0000-000000000000', 'Track & Field', null, 'https://loglyimages.s3.us-east-2.amazonaws.com/track_and_field.png', 62, 'single', '3eac30f9-6132-5b34-9d05-7f7317b53d9d'),
  ('ab7b3e31-0081-513c-87d0-4dd24a19a48c', clock_timestamp(), '00000000-0000-0000-0000-000000000000', 'Volleyball', null, 'https://loglyimages.s3.us-east-2.amazonaws.com/icons8_volleyball_player_50px.png', 63, 'single', '3eac30f9-6132-5b34-9d05-7f7317b53d9d'),
  ('b0d1e637-4c98-5b36-8eda-46420190dda2', clock_timestamp(), '00000000-0000-0000-0000-000000000000', 'Water Polo', null, 'https://loglyimages.s3.us-east-2.amazonaws.com/water_polo.png', 64, 'single', '3eac30f9-6132-5b34-9d05-7f7317b53d9d'),
  ('ddf32b33-d9ae-5b87-95f2-0a0c67f87c64', clock_timestamp(), '00000000-0000-0000-0000-000000000000', 'Wrestling', null, 'https://loglyimages.s3.us-east-2.amazonaws.com/wrestling.png', 65, 'single', '3eac30f9-6132-5b34-9d05-7f7317b53d9d'),
  ('c9537d01-0d7c-53fa-a9ed-54781075a22d', clock_timestamp(), '00000000-0000-0000-0000-000000000000', 'Golf', null, 'https://loglyimages.s3.us-east-2.amazonaws.com/icons8_golf_50px_1.png', 66, 'single', '3eac30f9-6132-5b34-9d05-7f7317b53d9d'),
  ('d265fab5-6985-5f20-8449-95f26857da33', clock_timestamp(), '00000000-0000-0000-0000-000000000000', 'Blood Work', null, 'https://loglyimages.s3.us-east-2.amazonaws.com/icons8-blood-sample-50.png', 67, 'single', '70d3e675-45e6-51fb-9c6c-fae4b46cbafa'),
  ('9dff5baf-ecad-5093-84c8-4833e33c88b2', clock_timestamp(), '00000000-0000-0000-0000-000000000000', 'Chiropractor', null, 'https://loglyimages.s3.us-east-2.amazonaws.com/icons8_physical_therapy_50px.png', 68, 'single', '57f92bb0-6555-5cea-b4d1-a104039b61e0'),
  ('6a258edd-c7c1-594d-9794-e5ffb6cf93be', clock_timestamp(), '00000000-0000-0000-0000-000000000000', 'Coaching', null, 'https://loglyimages.s3.us-east-2.amazonaws.com/icons8_leadership_50px.png', 69, 'single', '57f92bb0-6555-5cea-b4d1-a104039b61e0'),
  ('64993a40-a339-5c17-9674-8cab8c208939', clock_timestamp(), '00000000-0000-0000-0000-000000000000', 'Doctor', null, 'https://loglyimages.s3.us-east-2.amazonaws.com/icons8_stethoscope_50px.png', 70, 'single', '70d3e675-45e6-51fb-9c6c-fae4b46cbafa'),
  ('947de72e-aac4-51b2-b146-408315c09110', clock_timestamp(), '00000000-0000-0000-0000-000000000000', 'Haircut', null, 'https://loglyimages.s3.us-east-2.amazonaws.com/icons8_barber_scissors_50px.png', 71, 'single', '57f92bb0-6555-5cea-b4d1-a104039b61e0'),
  ('6e7bf28d-1dd2-5240-8ce4-a9fa1270047e', clock_timestamp(), '00000000-0000-0000-0000-000000000000', 'Massage', null, 'https://loglyimages.s3.us-east-2.amazonaws.com/icons8_massage_50px.png', 72, 'single', '57f92bb0-6555-5cea-b4d1-a104039b61e0'),
  ('cd2deb67-060b-513a-a584-5dc329b61681', clock_timestamp(), '00000000-0000-0000-0000-000000000000', 'Meditation', null, 'https://loglyimages.s3.us-east-2.amazonaws.com/icons8_meditation_50px_1.png', 73, 'single', '57f92bb0-6555-5cea-b4d1-a104039b61e0'),
  ('52ce9f13-395b-5a7a-86ac-12c8c4f32dd3', clock_timestamp(), '00000000-0000-0000-0000-000000000000', 'Nails', null, 'https://loglyimages.s3.us-east-2.amazonaws.com/nails.png', 74, 'single', '57f92bb0-6555-5cea-b4d1-a104039b61e0'),
  ('527e3c27-bdd5-5df6-8cee-2310ca802366', clock_timestamp(), '00000000-0000-0000-0000-000000000000', 'Nap', null, 'https://loglyimages.s3.us-east-2.amazonaws.com/napping.png', 75, 'single', '57f92bb0-6555-5cea-b4d1-a104039b61e0'),
  ('16871b7e-1810-5859-9cdd-5b5ac919cc21', clock_timestamp(), '00000000-0000-0000-0000-000000000000', 'Physical', null, 'https://loglyimages.s3.us-east-2.amazonaws.com/icons8_stethoscope_50px.png', 76, 'single', '57f92bb0-6555-5cea-b4d1-a104039b61e0'),
  ('6d2a19e6-b3c6-5bf3-b12c-376608bd9162', clock_timestamp(), '00000000-0000-0000-0000-000000000000', 'Physical Therapy', null, 'https://loglyimages.s3.us-east-2.amazonaws.com/icons8_physical_therapy_50px.png', 77, 'single', '57f92bb0-6555-5cea-b4d1-a104039b61e0'),
  ('c5a630d8-c585-5c19-bbc7-604dbcb74334', clock_timestamp(), '00000000-0000-0000-0000-000000000000', 'Reading', null, 'https://loglyimages.s3.us-east-2.amazonaws.com/reading.png', 78, 'single', '57f92bb0-6555-5cea-b4d1-a104039b61e0'),
  ('9beceaf3-046c-5d31-8a4a-6382672707eb', clock_timestamp(), '00000000-0000-0000-0000-000000000000', 'Spray Tan', null, 'https://loglyimages.s3.us-east-2.amazonaws.com/spray_tan.png', 79, 'single', '57f92bb0-6555-5cea-b4d1-a104039b61e0'),
  ('cf89ab22-afb6-5750-8896-4f4edc2d7d16', clock_timestamp(), '00000000-0000-0000-0000-000000000000', 'Therapy', null, 'https://loglyimages.s3.us-east-2.amazonaws.com/therapy.png', 80, 'single', '57f92bb0-6555-5cea-b4d1-a104039b61e0'),
  ('606ae6ec-ec20-5362-9d10-79a81bfba3f9', clock_timestamp(), '00000000-0000-0000-0000-000000000000', 'Waxing', null, 'https://loglyimages.s3.us-east-2.amazonaws.com/waxing.png', 81, 'single', '57f92bb0-6555-5cea-b4d1-a104039b61e0'),
  ('f04fa7df-b8bc-5307-ab80-7295850e1981', clock_timestamp(), '00000000-0000-0000-0000-000000000000', 'Concert', null, 'https://loglyimages.s3.us-east-2.amazonaws.com/icons8_concert_50px.png', 83, 'single', '20350377-ebea-5ec5-8e60-cb01044b416d'),
  ('0f45c744-2957-54fc-82b7-6ea0dd9fd8a3', clock_timestamp(), '00000000-0000-0000-0000-000000000000', 'Sporting Event', null, 'https://loglyimages.s3.us-east-2.amazonaws.com/icons8-performance-100.png', 95, 'single', '20350377-ebea-5ec5-8e60-cb01044b416d'),
  ('333f4d52-e05c-5aed-a009-43fdc73b4758', clock_timestamp(), '00000000-0000-0000-0000-000000000000', 'Business Trip', null, 'https://loglyimages.s3.us-east-2.amazonaws.com/logly_ic_business_trip.png', 96, 'range', 'aa67710b-2ad1-5360-99c6-b01cd33e7c27'),
  ('19aca369-c8e0-5046-b343-eae74e1bc383', clock_timestamp(), '00000000-0000-0000-0000-000000000000', 'Canoeing', null, 'https://loglyimages.s3.us-east-2.amazonaws.com/icons8_canoe_50px_1.png', 97, 'single', '3eac30f9-6132-5b34-9d05-7f7317b53d9d'),
  ('e6045d0a-17d7-5612-9bd5-700a0753b049', clock_timestamp(), '00000000-0000-0000-0000-000000000000', 'Dentist', null, 'https://loglyimages.s3.us-east-2.amazonaws.com/icons8_tooth_50px.png', 98, 'single', '57f92bb0-6555-5cea-b4d1-a104039b61e0'),
  ('2d1e0bcd-10fb-56d5-a37c-065535d6b695', clock_timestamp(), '00000000-0000-0000-0000-000000000000', 'At-Home', null, 'https://loglyimages.s3.us-east-2.amazonaws.com/icons8-warm-up-50.png', 99, 'single', 'ab5fb53e-5deb-557d-bb27-f96513e93398'),
  ('d6741f30-2a15-57e8-bcbb-c58a913ecb15', clock_timestamp(), '00000000-0000-0000-0000-000000000000', 'Shooting Range', null, 'https://loglyimages.s3.us-east-2.amazonaws.com/Shooting_Range.png', 101, 'single', '3eac30f9-6132-5b34-9d05-7f7317b53d9d'),
  ('0a323c92-e4af-58bd-968b-0c25484c7e6f', clock_timestamp(), '00000000-0000-0000-0000-000000000000', 'Restaurant', null, 'https://loglyimages.s3.us-east-2.amazonaws.com/icons8-tableware-100.png', 102, 'single', 'aa67710b-2ad1-5360-99c6-b01cd33e7c27'),
  ('127162ea-ed94-53a4-a356-e775ca07c159', clock_timestamp(), '00000000-0000-0000-0000-000000000000', 'Date', null, 'https://loglyimages.s3.us-east-2.amazonaws.com/icons8-two-hearts-100.png', 103, 'single', 'aa67710b-2ad1-5360-99c6-b01cd33e7c27'),
  ('d1376acf-b83a-50b7-a520-a6c90dcdecfd', clock_timestamp(), '00000000-0000-0000-0000-000000000000', 'Study', null, 'https://loglyimages.s3.us-east-2.amazonaws.com/Study.png', 104, 'single', '57f92bb0-6555-5cea-b4d1-a104039b61e0'),
  ('8a0ea615-9f6c-5f96-a916-1a112329d279', clock_timestamp(), '00000000-0000-0000-0000-000000000000', 'Drinks', null, 'https://loglyimages.s3.us-east-2.amazonaws.com/icons8_champagne_50px.png', 105, 'single', 'aa67710b-2ad1-5360-99c6-b01cd33e7c27'),
  ('1a359ccd-a5d2-57fc-8dc1-91a57bcb7009', clock_timestamp(), '00000000-0000-0000-0000-000000000000', 'Scuba Diving', null, 'https://loglyimages.s3.us-east-2.amazonaws.com/icons8_scuba_diving_50px.png', 106, 'single', '3eac30f9-6132-5b34-9d05-7f7317b53d9d'),
  ('29e948ba-6a22-5712-b0a1-5dc2971fb84f', clock_timestamp(), '00000000-0000-0000-0000-000000000000', 'Prayer', null, 'https://loglyimages.s3.us-east-2.amazonaws.com/Prayer.png', 108, 'single', '57f92bb0-6555-5cea-b4d1-a104039b61e0'),
  ('b57cf1ea-e4f4-5371-b6b5-cda5502fb173', clock_timestamp(), '00000000-0000-0000-0000-000000000000', 'Sleep', null, 'https://loglyimages.s3.us-east-2.amazonaws.com/icons8_sleeping_in_bed_50px.png', 109, 'single', '57f92bb0-6555-5cea-b4d1-a104039b61e0'),
  ('d30c2ded-d48d-5e0e-bee1-80244f8b193d', clock_timestamp(), '00000000-0000-0000-0000-000000000000', 'Barbell', null, 'https://loglyimages.s3.us-east-2.amazonaws.com/icons8-dumbbell-50.png', 110, 'single', 'ab5fb53e-5deb-557d-bb27-f96513e93398'),
  ('83b3f160-bb5c-593b-905c-edf1e726c9d8', clock_timestamp(), '00000000-0000-0000-0000-000000000000', 'Camping', null, 'https://loglyimages.s3.us-east-2.amazonaws.com/icons8_campfire_50px.png', 111, 'range', 'aa67710b-2ad1-5360-99c6-b01cd33e7c27'),
  ('b9630dae-233d-52a8-ad5f-9eb3641e8e53', clock_timestamp(), '00000000-0000-0000-0000-000000000000', 'Rest Day', null, 'https://loglyimages.s3.us-east-2.amazonaws.com/icons8-relax-100.png', 113, 'single', '57f92bb0-6555-5cea-b4d1-a104039b61e0'),
  ('a1629b84-7e9d-5969-a5d6-2748be284a7e', clock_timestamp(), '00000000-0000-0000-0000-000000000000', 'Party/ Gathering', null, 'https://loglyimages.s3.us-east-2.amazonaws.com/icons8_party_50px.png', 115, 'range', 'aa67710b-2ad1-5360-99c6-b01cd33e7c27'),
  ('8e6f6878-926f-545d-a5df-18414e836beb', clock_timestamp(), '00000000-0000-0000-0000-000000000000', 'Karate', null, 'https://loglyimages.s3.us-east-2.amazonaws.com/icons8-taekwondo-60.png', 116, 'single', 'ab5fb53e-5deb-557d-bb27-f96513e93398'),
  ('420439f2-d1c7-5ec4-a3cb-60bdf40e1376', clock_timestamp(), '00000000-0000-0000-0000-000000000000', 'Skateboarding', null, 'https://loglyimages.s3.us-east-2.amazonaws.com/icons8-skateboarding-50.png', 117, 'single', '3eac30f9-6132-5b34-9d05-7f7317b53d9d'),
  ('b629d3bc-c943-5a7e-bd8b-030f11a3e507', clock_timestamp(), '00000000-0000-0000-0000-000000000000', 'Kayaking', null, 'https://loglyimages.s3.us-east-2.amazonaws.com/icons8_canoe_50px_11.png', 118, 'range', '3eac30f9-6132-5b34-9d05-7f7317b53d9d'),
  ('e04490ea-83ff-5bfc-bf51-268a98dcb88c', clock_timestamp(), '00000000-0000-0000-0000-000000000000', 'Work Travel', null, 'https://loglyimages.s3.us-east-2.amazonaws.com/logly_ic_business_trip.png', 119, 'range', 'aa67710b-2ad1-5360-99c6-b01cd33e7c27'),
  ('25cf905e-c111-5e0d-9334-1575341b3925', clock_timestamp(), '00000000-0000-0000-0000-000000000000', 'Sex', null, 'https://loglyimages.s3.us-east-2.amazonaws.com/icons8_make_love_50px.png', 120, 'single', 'aa67710b-2ad1-5360-99c6-b01cd33e7c27'),
  ('4bcdf28d-03db-59e7-b731-e2ed13e4c45d', clock_timestamp(), '00000000-0000-0000-0000-000000000000', 'Journal', null, 'https://loglyimages.s3.us-east-2.amazonaws.com/icons8_journal_50px.png', 121, 'single', '57f92bb0-6555-5cea-b4d1-a104039b61e0'),
  ('b3f15391-f1b5-56ae-b1ff-e78495b39ab8', clock_timestamp(), '00000000-0000-0000-0000-000000000000', 'Bath', null, 'https://loglyimages.s3.us-east-2.amazonaws.com/icons8_bath_50px.png', 123, 'single', '57f92bb0-6555-5cea-b4d1-a104039b61e0'),
  ('06b950be-8a77-5bc1-8524-ad30e5701c0b', clock_timestamp(), '00000000-0000-0000-0000-000000000000', 'Movie', null, 'https://loglyimages.s3.us-east-2.amazonaws.com/icons8-popcorn-100.png', 322, 'single', '20350377-ebea-5ec5-8e60-cb01044b416d'),
  ('0c932ba7-d9c7-5193-99e9-f62a7aa5cb70', clock_timestamp(), '00000000-0000-0000-0000-000000000000', 'Breath Hold', null, 'https://loglyimages.s3.us-east-2.amazonaws.com/icons8_breath_50px.png', 325, 'single', '70d3e675-45e6-51fb-9c6c-fae4b46cbafa'),
  ('316fac7f-4c2d-5c44-9c2a-f5a7473311c3', clock_timestamp(), '00000000-0000-0000-0000-000000000000', 'Recovery Workout', null, 'https://loglyimages.s3.us-east-2.amazonaws.com/icons8-heart-health-50.png', 327, 'single', 'ab5fb53e-5deb-557d-bb27-f96513e93398'),
  ('a199cbf9-418e-5ea0-9d3e-90a3a87a566d', clock_timestamp(), '00000000-0000-0000-0000-000000000000', 'Vaccine Shot', null, 'https://loglyimages.s3.us-east-2.amazonaws.com/icons8_syringe_50px.png', 328, 'single', '70d3e675-45e6-51fb-9c6c-fae4b46cbafa'),
  ('ae96404a-d01e-5d4a-a294-ffc8bffac986', clock_timestamp(), '00000000-0000-0000-0000-000000000000', 'Draw', null, 'https://loglyimages.s3.us-east-2.amazonaws.com/icons8_pencil_drawing_50px.png', 329, 'single', '57f92bb0-6555-5cea-b4d1-a104039b61e0'),
  ('29e017a0-fc34-50bc-97bb-197d2a720238', clock_timestamp(), '00000000-0000-0000-0000-000000000000', 'Eating Journal', null, 'https://loglyimages.s3.us-east-2.amazonaws.com/icons8_journal_50px.png', 330, 'single', '57f92bb0-6555-5cea-b4d1-a104039b61e0'),
  ('20f197d8-38e9-562b-ad1d-0ae6d2304963', clock_timestamp(), '00000000-0000-0000-0000-000000000000', 'Calisthenics', null, 'https://loglyimages.s3.us-east-2.amazonaws.com/physical.png', 331, 'single', 'ab5fb53e-5deb-557d-bb27-f96513e93398'),
  ('f1da5f9b-e9f3-5dd8-a371-c17b21b51e33', clock_timestamp(), '00000000-0000-0000-0000-000000000000', 'TV', null, 'https://loglyimages.s3.us-east-2.amazonaws.com/icons8-retro-tv-100.png', 332, 'single', '57f92bb0-6555-5cea-b4d1-a104039b61e0'),
  ('80625daf-e32d-50d1-8bf7-440522bcfee9', clock_timestamp(), '00000000-0000-0000-0000-000000000000', 'Kickball', null, 'https://loglyimages.s3.us-east-2.amazonaws.com/icons8_soccer_50px_1.png', 333, 'single', '3eac30f9-6132-5b34-9d05-7f7317b53d9d'),
  ('8aacc13b-574f-5b50-9d7a-63c1b6d79377', clock_timestamp(), '00000000-0000-0000-0000-000000000000', 'Disc Golf', null, 'https://loglyimages.s3.us-east-2.amazonaws.com/icons8-frisbee-50.png', 335, 'single', '3eac30f9-6132-5b34-9d05-7f7317b53d9d'),
  ('8e0dc783-93a1-57dc-b736-4094b4e11611', clock_timestamp(), '00000000-0000-0000-0000-000000000000', 'Vacation', null, 'https://loglyimages.s3.us-east-2.amazonaws.com/vacation.png', 353, 'range', '20350377-ebea-5ec5-8e60-cb01044b416d'),
  ('6f64bdd9-4325-555f-bb04-5971164a883d', clock_timestamp(), '00000000-0000-0000-0000-000000000000', 'Swim', null, 'https://loglyimages.s3.us-east-2.amazonaws.com/icons8-swimming-50.png', 354, 'single', 'ab5fb53e-5deb-557d-bb27-f96513e93398'),
  ('60fb715e-7e98-5e08-9da6-04f7c182fd1f', clock_timestamp(), '00000000-0000-0000-0000-000000000000', 'Sick', null, 'https://loglyimages.s3.us-east-2.amazonaws.com/Sick1.png', 355, 'range', '70d3e675-45e6-51fb-9c6c-fae4b46cbafa'),
  ('2e77d69c-7cdf-5092-b422-c8cef2f5657e', clock_timestamp(), '00000000-0000-0000-0000-000000000000', 'Testandroid', null, 'https://loglyimages.s3.us-east-2.amazonaws.com/icons8-ballet-dancer-50.png', 356, 'range', 'aa67710b-2ad1-5360-99c6-b01cd33e7c27'),
  ('7b5ade87-ec83-5cbb-8567-9ea0440edee7', clock_timestamp(), '00000000-0000-0000-0000-000000000000', 'Whitewater Rafting', null, 'https://loglyimages.s3.us-east-2.amazonaws.com/icons8_canoe_50px_11.png', 365, 'single', '20350377-ebea-5ec5-8e60-cb01044b416d'),
  ('9f2bdd86-8380-5a79-a426-d0c0061b7aca', clock_timestamp(), '00000000-0000-0000-0000-000000000000', 'Weight', null, 'https://loglyimages.s3.us-east-2.amazonaws.com/icons8-weighing-100.png', 371, 'single', '70d3e675-45e6-51fb-9c6c-fae4b46cbafa'),
  ('c999708a-9373-5714-856e-87f8f7d12d03', clock_timestamp(), '00000000-0000-0000-0000-000000000000', 'Dog Sledding', null, 'https://loglyimages.s3.us-east-2.amazonaws.com/icons8_sled_50px.png', 372, 'single', '20350377-ebea-5ec5-8e60-cb01044b416d'),
  ('8666c655-8971-53c4-81c9-31d4bb6288bd', clock_timestamp(), '00000000-0000-0000-0000-000000000000', 'Water Skiing', null, 'https://loglyimages.s3.us-east-2.amazonaws.com/icons8-waterskiing-90.png', 373, 'single', '3eac30f9-6132-5b34-9d05-7f7317b53d9d'),
  ('176839a2-9c3e-596d-b1b1-4a77ba16f3cf', clock_timestamp(), '00000000-0000-0000-0000-000000000000', 'Church', null, 'https://loglyimages.s3.us-east-2.amazonaws.com/icons8-city-church-90.png', 374, 'single', '57f92bb0-6555-5cea-b4d1-a104039b61e0'),
  ('3beadadb-24d8-5391-a7be-9b882467cbd3', clock_timestamp(), '00000000-0000-0000-0000-000000000000', 'Gaming', null, 'https://loglyimages.s3.us-east-2.amazonaws.com/icons8-nintendo-switch-pro-controller-100.png', 375, 'single', 'aa67710b-2ad1-5360-99c6-b01cd33e7c27'),
  ('f2a21e75-ae92-56b1-b85b-b342c6de30f1', clock_timestamp(), '00000000-0000-0000-0000-000000000000', 'Facial', null, 'https://loglyimages.s3.us-east-2.amazonaws.com/icons8-cleansing-100.png', 376, 'single', '57f92bb0-6555-5cea-b4d1-a104039b61e0'),
  ('a308068e-8f1e-5528-b1de-885a0938484c', clock_timestamp(), '00000000-0000-0000-0000-000000000000', 'Ballet', null, 'https://loglyimages.s3.us-east-2.amazonaws.com/icons8-ballet-shoes-100.png', 377, 'single', 'ab5fb53e-5deb-557d-bb27-f96513e93398'),
  ('03c51603-8b49-5a19-aed1-98b1bf0d8e30', clock_timestamp(), '00000000-0000-0000-0000-000000000000', 'Netball', null, 'https://loglyimages.s3.us-east-2.amazonaws.com/icons8-netball-96 (1).png', 378, 'single', '3eac30f9-6132-5b34-9d05-7f7317b53d9d'),
  ('30cdb035-f8b9-5a5b-a46b-8afbbe158c3a', clock_timestamp(), '00000000-0000-0000-0000-000000000000', 'Fasting', null, 'https://loglyimages.s3.us-east-2.amazonaws.com/icons8-fasting-128(-xxxhdpi).png', 379, 'range', '70d3e675-45e6-51fb-9c6c-fae4b46cbafa'),
  ('aef61ca1-0b4a-5b12-aeb0-cb33be521fe2', clock_timestamp(), '00000000-0000-0000-0000-000000000000', 'Planner Work', null, 'https://loglyimages.s3.us-east-2.amazonaws.com/icons8-moleskine-100.png', 380, 'single', '57f92bb0-6555-5cea-b4d1-a104039b61e0'),
  ('0b7bddd5-4541-59eb-a0b7-23cf6bcb4d47', clock_timestamp(), '00000000-0000-0000-0000-000000000000', 'Pole Dancing', null, 'https://loglyimages.s3.us-east-2.amazonaws.com/icons8-pole-dancer-96.png', 381, 'single', 'ab5fb53e-5deb-557d-bb27-f96513e93398'),
  ('e21fe419-ef94-5939-bbe5-d9a6e12b24d7', clock_timestamp(), '00000000-0000-0000-0000-000000000000', 'Chores', null, 'https://loglyimages.s3.us-east-2.amazonaws.com/icons8-dirty-dishes-100.png', 382, 'single', 'aa67710b-2ad1-5360-99c6-b01cd33e7c27'),
  ('e01df0d5-76c6-55ed-aec4-e245f62f9300', clock_timestamp(), '00000000-0000-0000-0000-000000000000', 'Life Event', null, 'https://loglyimages.s3.us-east-2.amazonaws.com/icons8-event-64.png', 383, 'single', 'aa67710b-2ad1-5360-99c6-b01cd33e7c27'),
  ('f20ef3f5-aebe-5045-a1da-c2cf7846f7c4', clock_timestamp(), '00000000-0000-0000-0000-000000000000', 'Expences', null, 'https://loglyimages.s3.us-east-2.amazonaws.com/icons8-general-ledger-100.png', 384, 'single', 'aa67710b-2ad1-5360-99c6-b01cd33e7c27'),
  ('8ca4de14-b3b3-5556-b1a9-7572068c1d7c', clock_timestamp(), '00000000-0000-0000-0000-000000000000', 'Smoking', null, 'https://loglyimages.s3.us-east-2.amazonaws.com/icons8-smoking-100.png', 385, 'single', '70d3e675-45e6-51fb-9c6c-fae4b46cbafa'),
  ('92e0fba6-25a8-5fe9-b559-ada7972421c4', clock_timestamp(), '00000000-0000-0000-0000-000000000000', 'Juice', null, 'https://loglyimages.s3.us-east-2.amazonaws.com/icons8-orange-juice-100.png', 386, 'single', '70d3e675-45e6-51fb-9c6c-fae4b46cbafa'),
  ('e608ee38-c8ca-5384-bd0f-54a32ddfafd5', clock_timestamp(), '00000000-0000-0000-0000-000000000000', 'Hula Hoop', null, 'https://loglyimages.s3.us-east-2.amazonaws.com/icons8-circle-100.png', 387, 'single', 'ab5fb53e-5deb-557d-bb27-f96513e93398'),
  ('c3c6b5bf-6fef-588d-a3d4-6af7b0b5e716', clock_timestamp(), '00000000-0000-0000-0000-000000000000', 'Headache', null, 'https://loglyimages.s3.us-east-2.amazonaws.com/icons8-brain-100.png', 388, 'single', '70d3e675-45e6-51fb-9c6c-fae4b46cbafa'),
  ('a23b5067-a94c-50f8-a2ba-ab29ec7c3b8d', clock_timestamp(), '00000000-0000-0000-0000-000000000000', 'Moving', null, 'https://loglyimages.s3.us-east-2.amazonaws.com/icons8-trolley-100.png', 470, 'single', 'ab5fb53e-5deb-557d-bb27-f96513e93398'),
  ('fb1ae6ce-63e5-5b31-be56-15bfe56f8f17', clock_timestamp(), '00000000-0000-0000-0000-000000000000', 'Obstacle Course', null, 'https://loglyimages.s3.us-east-2.amazonaws.com/icons8-athlete-51.png', 471, 'single', 'ab5fb53e-5deb-557d-bb27-f96513e93398'),
  ('ad172d5b-e28b-5e3e-bb6f-46311cd19680', clock_timestamp(), '00000000-0000-0000-0000-000000000000', 'Qi Cong', null, 'https://loglyimages.s3.us-east-2.amazonaws.com/martial_arts.png', 472, 'single', 'ab5fb53e-5deb-557d-bb27-f96513e93398'),
  ('0565bdfc-51a5-54df-b83c-fb2baf12a305', clock_timestamp(), '00000000-0000-0000-0000-000000000000', 'Motocross', null, 'https://loglyimages.s3.us-east-2.amazonaws.com/icons8-motocross-90.png', 473, 'single', '3eac30f9-6132-5b34-9d05-7f7317b53d9d'),
  ('ed9e0e06-9618-5649-8435-9fea1c970a16', clock_timestamp(), '00000000-0000-0000-0000-000000000000', 'Ultimate Frisbee', null, 'https://loglyimages.s3.us-east-2.amazonaws.com/icons8-frisbee-50.png', 474, 'single', '3eac30f9-6132-5b34-9d05-7f7317b53d9d'),
  ('761cee39-9bea-5f2a-81ff-909e722d54e5', clock_timestamp(), '00000000-0000-0000-0000-000000000000', 'Hydrotherapy', null, 'https://loglyimages.s3.us-east-2.amazonaws.com/icons8-jacuzzi-100.png', 475, 'single', '57f92bb0-6555-5cea-b4d1-a104039b61e0'),
  ('fafb3063-75ef-5fcb-ad22-39304ac04893', clock_timestamp(), '00000000-0000-0000-0000-000000000000', 'Cryotherapy', null, 'https://loglyimages.s3.us-east-2.amazonaws.com/icons8-snowflake-100.png', 476, 'single', '57f92bb0-6555-5cea-b4d1-a104039b61e0'),
  ('881d88f7-d2ef-56a6-9022-9603eaeb31fc', clock_timestamp(), '00000000-0000-0000-0000-000000000000', 'Red Light Therapy', null, 'https://loglyimages.s3.us-east-2.amazonaws.com/icons8-light-100.png', 477, 'single', '57f92bb0-6555-5cea-b4d1-a104039b61e0'),
  ('139073e1-66d0-5e84-b5f8-016bb4b930cd', clock_timestamp(), '00000000-0000-0000-0000-000000000000', 'Breathing', null, 'https://loglyimages.s3.us-east-2.amazonaws.com/icons8_breath_50px.png', 478, 'single', '57f92bb0-6555-5cea-b4d1-a104039b61e0'),
  ('32bba106-55e2-507a-bd07-59ab3d486847', clock_timestamp(), '00000000-0000-0000-0000-000000000000', 'Crocheting', null, 'https://loglyimages.s3.us-east-2.amazonaws.com/icons8-yarn-64.png', 479, 'single', '57f92bb0-6555-5cea-b4d1-a104039b61e0'),
  ('e9f22822-2d8c-56e5-be8a-f749176ac62d', clock_timestamp(), '00000000-0000-0000-0000-000000000000', 'Guitar', null, 'https://loglyimages.s3.us-east-2.amazonaws.com/icons8-rock-music-100.png', 480, 'single', '57f92bb0-6555-5cea-b4d1-a104039b61e0'),
  ('853d261e-06e3-5385-8b2a-bc74b23da400', clock_timestamp(), '00000000-0000-0000-0000-000000000000', 'Devotional', null, 'https://loglyimages.s3.us-east-2.amazonaws.com/icons8-book-96.png', 481, 'single', '57f92bb0-6555-5cea-b4d1-a104039b61e0'),
  ('790cddb1-06a7-52fd-ad16-31894f77fe33', clock_timestamp(), '00000000-0000-0000-0000-000000000000', 'Cooking', null, 'https://loglyimages.s3.us-east-2.amazonaws.com/icons8-fry-100.png', 485, 'single', 'aa67710b-2ad1-5360-99c6-b01cd33e7c27'),
  ('4f013de6-b34e-5824-a36d-12c40a53a51d', clock_timestamp(), '00000000-0000-0000-0000-000000000000', 'Other', null, 'https://loglyimages.s3.us-east-2.amazonaws.com/icons8-infinite-50.png', 486, 'single', 'aa67710b-2ad1-5360-99c6-b01cd33e7c27'),
  ('fbc2ee1c-6939-558f-a080-624876e7b567', clock_timestamp(), '00000000-0000-0000-0000-000000000000', 'Lawn Care', null, 'https://loglyimages.s3.us-east-2.amazonaws.com/icons8-lawn-mower-100.png', 487, 'single', 'aa67710b-2ad1-5360-99c6-b01cd33e7c27'),
  ('3efaf8be-0564-551c-ba2b-1d6aacdba0b2', clock_timestamp(), '00000000-0000-0000-0000-000000000000', 'Gardening', null, 'https://loglyimages.s3.us-east-2.amazonaws.com/icons8-garden-100.png', 488, 'single', 'aa67710b-2ad1-5360-99c6-b01cd33e7c27'),
  ('a3b4e90d-6e1f-57e0-befd-95303617441b', clock_timestamp(), '00000000-0000-0000-0000-000000000000', 'Breast Feeding', null, 'https://loglyimages.s3.us-east-2.amazonaws.com/icons8-breast-100.png', 489, 'single', 'aa67710b-2ad1-5360-99c6-b01cd33e7c27'),
  ('13e3685d-120b-597c-8c59-957d7e5ae0ed', clock_timestamp(), '00000000-0000-0000-0000-000000000000', 'Errands', null, 'https://loglyimages.s3.us-east-2.amazonaws.com/icons8-cash-register-90.png', 490, 'single', 'aa67710b-2ad1-5360-99c6-b01cd33e7c27'),
  ('e4412705-dbf1-5726-8dcc-2962cc4c7b9a', clock_timestamp(), '00000000-0000-0000-0000-000000000000', 'Work', null, 'https://loglyimages.s3.us-east-2.amazonaws.com/logly_ic_business_trip.png', 491, 'single', 'aa67710b-2ad1-5360-99c6-b01cd33e7c27'),
  ('852fa3c3-cd2f-5ea8-9d92-569f91c03984', clock_timestamp(), '00000000-0000-0000-0000-000000000000', 'Dentist', null, 'https://loglyimages.s3.us-east-2.amazonaws.com/icons8_tooth_50px.png', 492, 'single', '70d3e675-45e6-51fb-9c6c-fae4b46cbafa'),
  ('1281a1f8-c2b1-5d30-994d-2ba35d3fae3d', clock_timestamp(), '00000000-0000-0000-0000-000000000000', 'Menstruation', null, 'https://loglyimages.s3.us-east-2.amazonaws.com/icons8-drop-of-blood-100.png', 496, 'single', '70d3e675-45e6-51fb-9c6c-fae4b46cbafa'),
  ('9ace621d-e781-5b77-a523-567a24a1c71d', clock_timestamp(), '00000000-0000-0000-0000-000000000000', 'Infection', null, 'https://loglyimages.s3.us-east-2.amazonaws.com/icons8-virus-100.png', 497, 'range', '70d3e675-45e6-51fb-9c6c-fae4b46cbafa'),
  ('fb52afcf-8aa0-5932-ab3f-89ad00a967fe', clock_timestamp(), '00000000-0000-0000-0000-000000000000', 'HRV', null, 'https://loglyimages.s3.us-east-2.amazonaws.com/icons8-heart-rate-64.png', 498, 'single', '70d3e675-45e6-51fb-9c6c-fae4b46cbafa'),
  ('d9e31dca-a449-5cfd-854a-52ceeaa328ae', clock_timestamp(), '00000000-0000-0000-0000-000000000000', 'Vitamins', null, 'https://loglyimages.s3.us-east-2.amazonaws.com/icons8-pills-60.png', 499, 'single', '70d3e675-45e6-51fb-9c6c-fae4b46cbafa'),
  ('63660e96-8384-51b9-b189-df8bcfe0deff', clock_timestamp(), '00000000-0000-0000-0000-000000000000', 'Probiotics', null, 'https://loglyimages.s3.us-east-2.amazonaws.com/icons8-probiotics-64.png', 500, 'single', '70d3e675-45e6-51fb-9c6c-fae4b46cbafa'),
  ('c59adbe5-0222-5af3-8f6e-73c490a498ec', clock_timestamp(), '00000000-0000-0000-0000-000000000000', 'Medication', null, 'https://loglyimages.s3.us-east-2.amazonaws.com/icons8-hand-with-a-pill-100.png', 501, 'single', '70d3e675-45e6-51fb-9c6c-fae4b46cbafa'),
  ('c179cbf7-e7dc-5c61-b468-e3ad7563f2d9', clock_timestamp(), '00000000-0000-0000-0000-000000000000', 'Water', null, 'https://loglyimages.s3.us-east-2.amazonaws.com/icons8-bottle-of-water-100.png', 502, 'single', '70d3e675-45e6-51fb-9c6c-fae4b46cbafa'),
  ('88e81fb1-3384-5dc8-9163-d6cb4f6f85b4', clock_timestamp(), '00000000-0000-0000-0000-000000000000', 'Panic Attack', null, 'https://loglyimages.s3.us-east-2.amazonaws.com/icons8-shaking-100.png', 503, 'single', '70d3e675-45e6-51fb-9c6c-fae4b46cbafa'),
  ('100cbd92-331c-5a05-a9f2-428e9cabc4b5', clock_timestamp(), '00000000-0000-0000-0000-000000000000', 'Injury', null, 'https://loglyimages.s3.us-east-2.amazonaws.com/icons8-cast-100.png', 504, 'range', '70d3e675-45e6-51fb-9c6c-fae4b46cbafa'),
  ('e678bea2-53e4-53f0-b29e-41df0315816e', clock_timestamp(), '00000000-0000-0000-0000-000000000000', 'Floss', null, 'https://loglyimages.s3.us-east-2.amazonaws.com/icons8-floss-96.png', 505, 'single', '70d3e675-45e6-51fb-9c6c-fae4b46cbafa'),
  ('7308b549-abe5-5494-bd55-002c259040cc', clock_timestamp(), '00000000-0000-0000-0000-000000000000', 'Sobriety', null, 'https://loglyimages.s3.us-east-2.amazonaws.com/icons8-no-alcohol-90.png', 506, 'range', '70d3e675-45e6-51fb-9c6c-fae4b46cbafa'),
  ('3eef0f92-5b52-580a-a3b5-e9b6399cb1bf', clock_timestamp(), '00000000-0000-0000-0000-000000000000', 'Camping', null, 'https://loglyimages.s3.us-east-2.amazonaws.com/icons8_campfire_50px.png', 507, 'range', '20350377-ebea-5ec5-8e60-cb01044b416d'),
  ('e07eaa92-24a1-540f-80ec-44c07257f6df', clock_timestamp(), '00000000-0000-0000-0000-000000000000', 'Car', null, 'https://loglyimages.s3.us-east-2.amazonaws.com/icons8-car-90.png', 508, 'single', '20350377-ebea-5ec5-8e60-cb01044b416d'),
  ('7d522063-e3ba-5416-bf0c-51dfa16a9757', clock_timestamp(), '00000000-0000-0000-0000-000000000000', 'Paragliding', null, 'https://loglyimages.s3.us-east-2.amazonaws.com/icons8-paragliding-100.png', 509, 'single', '20350377-ebea-5ec5-8e60-cb01044b416d'),
  ('fb91ec4e-98f8-53c2-ad4d-1ed44028b015', clock_timestamp(), '00000000-0000-0000-0000-000000000000', 'Club', null, 'https://loglyimages.s3.us-east-2.amazonaws.com/icons8-dj-100.png', 510, 'single', '20350377-ebea-5ec5-8e60-cb01044b416d'),
  ('7d8c6ded-8ea9-5f14-bcf5-308f45335d5c', clock_timestamp(), '00000000-0000-0000-0000-000000000000', 'Zip Lining', null, 'https://loglyimages.s3.us-east-2.amazonaws.com/icons8-zipline-100.png', 511, 'single', '20350377-ebea-5ec5-8e60-cb01044b416d'),
  ('4cc6fd6a-54e3-5490-bbe0-0d315c6127c4', clock_timestamp(), '00000000-0000-0000-0000-000000000000', 'Wedding', null, 'https://loglyimages.s3.us-east-2.amazonaws.com/icons8-wedding-cake-64.png', 512, 'single', '20350377-ebea-5ec5-8e60-cb01044b416d'),
  ('0db07e3f-6451-5ba1-9e18-c8330fe70098', clock_timestamp(), '00000000-0000-0000-0000-000000000000', 'Hot Springs', null, 'https://loglyimages.s3.us-east-2.amazonaws.com/icons8-hot-springs-90.png', 513, 'single', '20350377-ebea-5ec5-8e60-cb01044b416d'),
  ('8d14b250-6fbd-53dc-960f-1d6830344ac9', clock_timestamp(), '00000000-0000-0000-0000-000000000000', 'Dirt Bike', null, 'https://loglyimages.s3.us-east-2.amazonaws.com/icons8-dirt-bike-100.png', 514, 'single', '20350377-ebea-5ec5-8e60-cb01044b416d'),
  ('34f79cb7-d444-56df-a1af-13e4a0b7220d', clock_timestamp(), '00000000-0000-0000-0000-000000000000', 'River Tubing', null, 'https://loglyimages.s3.us-east-2.amazonaws.com/icons8_canoe_50px_11.png', 515, 'single', '20350377-ebea-5ec5-8e60-cb01044b416d'),
  ('3f31c095-2179-5cbe-925e-bc1f4f2d597f', clock_timestamp(), '00000000-0000-0000-0000-000000000000', 'Bowel Movement', null, 'https://loglyimages.s3.us-east-2.amazonaws.com/icons8-bowel-flush-100.png', 516, 'single', '70d3e675-45e6-51fb-9c6c-fae4b46cbafa'),
  ('50518eae-1753-50d8-89eb-62f4e2991503', clock_timestamp(), '00000000-0000-0000-0000-000000000000', 'Meals', null, 'https://loglyimages.s3.us-east-2.amazonaws.com/icons8-tableware-100.png', 517, 'single', '70d3e675-45e6-51fb-9c6c-fae4b46cbafa'),
  ('8e705df7-86e6-53f4-992a-3eb62beecd13', clock_timestamp(), '00000000-0000-0000-0000-000000000000', 'Ski Touring', null, 'https://loglyimages.s3.us-east-2.amazonaws.com/icons8_cross_country_skiing_50px_1.png', 518, 'single', '3eac30f9-6132-5b34-9d05-7f7317b53d9d'),
  ('e6078694-0a16-5264-b47d-457603aad113', clock_timestamp(), '00000000-0000-0000-0000-000000000000', 'Friends', null, 'https://loglyimages.s3.us-east-2.amazonaws.com/icons8-friends-100.png', 519, 'single', 'aa67710b-2ad1-5360-99c6-b01cd33e7c27'),
  ('67de7908-6f4c-5a41-a2ba-f1e7a00e73c4', clock_timestamp(), '00000000-0000-0000-0000-000000000000', 'Sunlight', null, 'https://loglyimages.s3.us-east-2.amazonaws.com/icons8-field-100.png', 520, 'single', '70d3e675-45e6-51fb-9c6c-fae4b46cbafa'),
  ('922a95c6-b479-5f44-af44-228d078fe4c5', clock_timestamp(), '00000000-0000-0000-0000-000000000000', 'Pickleball', null, 'https://loglyimages.s3.us-east-2.amazonaws.com/icons8_tennis_player_50px.png', 521, 'single', '3eac30f9-6132-5b34-9d05-7f7317b53d9d'),
  ('6c2d570c-bc8d-58e4-8aa0-e2a13f505e5f', clock_timestamp(), '00000000-0000-0000-0000-000000000000', 'Tinnitus', null, 'https://loglyimages.s3.us-east-2.amazonaws.com/icons8-hearing-100.png', 522, 'single', '70d3e675-45e6-51fb-9c6c-fae4b46cbafa'),
  ('d9ef5357-3864-5284-ae46-c3fc9b014810', clock_timestamp(), '00000000-0000-0000-0000-000000000000', 'Coffee', null, 'https://loglyimages.s3.us-east-2.amazonaws.com/icons8-coffee-cup-90.png', 523, 'single', '70d3e675-45e6-51fb-9c6c-fae4b46cbafa'),
  ('104d5448-7afb-5efe-9da6-7b47f11748dc', clock_timestamp(), '00000000-0000-0000-0000-000000000000', 'Streaming', null, 'https://loglyimages.s3.us-east-2.amazonaws.com/icons8-retro-tv-100.png', 524, 'single', 'aa67710b-2ad1-5360-99c6-b01cd33e7c27'),
  ('81854450-6c8a-5b99-8ed1-b90124b0cb85', clock_timestamp(), '00000000-0000-0000-0000-000000000000', 'Kegels', null, 'https://loglyimages.s3.us-east-2.amazonaws.com/icons8-pelvis-100.png', 525, 'single', 'ab5fb53e-5deb-557d-bb27-f96513e93398'),
  ('44dea516-7df1-5636-b5f4-c5ffb8c033d7', clock_timestamp(), '00000000-0000-0000-0000-000000000000', 'Stress / Anxiety', null, 'https://loglyimages.s3.us-east-2.amazonaws.com/icons8-anxiety-100.png', 526, 'single', 'aa67710b-2ad1-5360-99c6-b01cd33e7c27'),
  ('85e20d41-12d7-5e78-8ea7-d4c705e8ec4d', clock_timestamp(), '00000000-0000-0000-0000-000000000000', 'Snowshoeing', null, 'https://loglyimages.s3.us-east-2.amazonaws.com/icons8-walking-50.png', 527, 'single', 'ab5fb53e-5deb-557d-bb27-f96513e93398'),
  ('e69abe3c-4380-5123-b26c-069e08228b8d', clock_timestamp(), '00000000-0000-0000-0000-000000000000', 'Playing Music', null, 'https://loglyimages.s3.us-east-2.amazonaws.com/icons8-guitar-100.png', 528, 'single', '57f92bb0-6555-5cea-b4d1-a104039b61e0'),
  ('c7c06888-4e15-5512-8d1e-309adf04d6b3', clock_timestamp(), '00000000-0000-0000-0000-000000000000', 'Phone', null, 'https://loglyimages.s3.us-east-2.amazonaws.com/icons8-iphone-14-pro-100.png', 529, 'single', 'aa67710b-2ad1-5360-99c6-b01cd33e7c27'),
  ('1b5f4957-2ddd-5436-ad72-f6f6361f2762', clock_timestamp(), '00000000-0000-0000-0000-000000000000', 'Cleanse', null, 'https://loglyimages.s3.us-east-2.amazonaws.com/icons8-mate-100.png', 530, 'range', '70d3e675-45e6-51fb-9c6c-fae4b46cbafa'),
  ('c86bc0da-4ef1-5d35-8daf-7564339102cf', clock_timestamp(), '00000000-0000-0000-0000-000000000000', 'Shopping', null, 'https://loglyimages.s3.us-east-2.amazonaws.com/icons8-cash-register-90.png', 531, 'single', 'aa67710b-2ad1-5360-99c6-b01cd33e7c27'),
  ('eb709a6c-f4d9-593d-ae83-8c7d62b54708', clock_timestamp(), '00000000-0000-0000-0000-000000000000', 'Dry Needling', null, 'https://loglyimages.s3.us-east-2.amazonaws.com/DryNeedling.png', 532, 'single', '70d3e675-45e6-51fb-9c6c-fae4b46cbafa'),
  ('68147d7a-a4d5-5970-a71a-04e4067577d1', clock_timestamp(), '00000000-0000-0000-0000-000000000000', 'Family Outing', null, 'https://loglyimages.s3.us-east-2.amazonaws.com/icons8-family-100.png', 533, 'single', '20350377-ebea-5ec5-8e60-cb01044b416d'),
  ('ddcd36b7-b90a-59b5-9987-8a64edbef67c', clock_timestamp(), '00000000-0000-0000-0000-000000000000', 'Kettlebell', null, 'https://loglyimages.s3.us-east-2.amazonaws.com/icons8-kettlebell-64.png', 535, 'single', 'ab5fb53e-5deb-557d-bb27-f96513e93398'),
  ('f38a79f1-495c-5e42-a661-646e80d9acf3', clock_timestamp(), '00000000-0000-0000-0000-000000000000', 'Water Plants', null, 'https://loglyimages.s3.us-east-2.amazonaws.com/icons8-basil-100.png', 536, 'single', 'aa67710b-2ad1-5360-99c6-b01cd33e7c27'),
  ('447ba779-1f8b-5f16-918e-77fd8b67f356', clock_timestamp(), '00000000-0000-0000-0000-000000000000', 'PNF Stretching', null, 'https://loglyimages.s3.us-east-2.amazonaws.com/icons8-stretching-50.png', 537, 'single', '57f92bb0-6555-5cea-b4d1-a104039b61e0'),
  ('d3b5f485-9578-53b7-ac97-b5fb3df43bc7', clock_timestamp(), '00000000-0000-0000-0000-000000000000', 'MAT Session', null, 'https://loglyimages.s3.us-east-2.amazonaws.com/icons8_physical_therapy_50px.png', 538, 'single', '57f92bb0-6555-5cea-b4d1-a104039b61e0'),
  ('2b484716-d543-5638-9fc2-6def3e388e4f', clock_timestamp(), '00000000-0000-0000-0000-000000000000', 'DIY Project', null, 'https://loglyimages.s3.us-east-2.amazonaws.com/icons8-construction-carpenter-ruler-100.png', 539, 'range', 'aa67710b-2ad1-5360-99c6-b01cd33e7c27'),
  ('9e0e7ce1-c99d-517a-b6b5-e081be2d2222', clock_timestamp(), '00000000-0000-0000-0000-000000000000', 'Wheezing', null, 'https://loglyimages.s3.us-east-2.amazonaws.com/icons8-lungs-100.png', 540, 'single', '70d3e675-45e6-51fb-9c6c-fae4b46cbafa'),
  ('981aef3f-cf4c-5b6f-88b1-2660ad3dd679', clock_timestamp(), '00000000-0000-0000-0000-000000000000', 'Handstand', null, 'https://loglyimages.s3.us-east-2.amazonaws.com/icons8-handstand-100 (1).png', 541, 'single', 'ab5fb53e-5deb-557d-bb27-f96513e93398');

insert into public.sub_activity (sub_activity_id, created_at, created_by, name, icon, legacy_id, activity_id) values 
  ('ca88369f-46cb-5aa5-b2ba-b4b38ef34c1f', clock_timestamp(), '00000000-0000-0000-0000-000000000000', 'Base', 'https://loglyimages.s3.us-east-2.amazonaws.com/icons8-running-50_(1).png', 1, '0b43c0a1-9849-5f47-b11e-2f2aed897e49'),
  ('7a923a11-e64e-51dd-96a0-fed261b533e3', clock_timestamp(), '00000000-0000-0000-0000-000000000000', 'Progression', 'https://loglyimages.s3.us-east-2.amazonaws.com/icons8-running-50_(1).png', 2, '0b43c0a1-9849-5f47-b11e-2f2aed897e49'),
  ('b19273a7-93e1-52f9-9075-1b58cf543642', clock_timestamp(), '00000000-0000-0000-0000-000000000000', 'Fartlck', 'https://loglyimages.s3.us-east-2.amazonaws.com/icons8-running-50_(1).png', 3, '0b43c0a1-9849-5f47-b11e-2f2aed897e49'),
  ('b467a1d8-0cdb-5b84-8109-67918cc0850e', clock_timestamp(), '00000000-0000-0000-0000-000000000000', 'Interval', 'https://loglyimages.s3.us-east-2.amazonaws.com/run.png', 318, '0b43c0a1-9849-5f47-b11e-2f2aed897e49'),
  ('66544133-be0e-5eef-aa47-8631877a390b', clock_timestamp(), '00000000-0000-0000-0000-000000000000', 'City', 'https://loglyimages.s3.us-east-2.amazonaws.com/icons8-city-50.png', 323, '8e0dc783-93a1-57dc-b736-4094b4e11611'),
  ('5d9d7238-f730-54a5-940b-34a0e4d13460', clock_timestamp(), '00000000-0000-0000-0000-000000000000', 'Beach', 'https://loglyimages.s3.us-east-2.amazonaws.com/vacation.png', 324, '8e0dc783-93a1-57dc-b736-4094b4e11611'),
  ('c274b330-7bd6-5604-8184-fdb8129a4a49', clock_timestamp(), '00000000-0000-0000-0000-000000000000', 'Mountains', 'https://loglyimages.s3.us-east-2.amazonaws.com/icons8-mountain-50.png', 325, '8e0dc783-93a1-57dc-b736-4094b4e11611'),
  ('8ceed571-954a-59b5-9295-99246865113b', clock_timestamp(), '00000000-0000-0000-0000-000000000000', 'Backcountry', 'https://loglyimages.s3.us-east-2.amazonaws.com/icons8-trail-100.png', 326, '8e0dc783-93a1-57dc-b736-4094b4e11611'),
  ('dd8b6cd7-a357-54a8-8cc4-be41945f41ec', clock_timestamp(), '00000000-0000-0000-0000-000000000000', 'Desert', 'https://loglyimages.s3.us-east-2.amazonaws.com/icons8-western-100.png', 327, '8e0dc783-93a1-57dc-b736-4094b4e11611'),
  ('0d832118-97ca-5776-b28b-dfdec209785d', clock_timestamp(), '00000000-0000-0000-0000-000000000000', 'Cold', 'https://loglyimages.s3.us-east-2.amazonaws.com/Sick1.png', 328, '60fb715e-7e98-5e08-9da6-04f7c182fd1f'),
  ('1c30489d-a26d-5b03-9d2d-9f6c66773446', clock_timestamp(), '00000000-0000-0000-0000-000000000000', 'Flu', 'https://loglyimages.s3.us-east-2.amazonaws.com/Sick1.png', 329, '60fb715e-7e98-5e08-9da6-04f7c182fd1f'),
  ('3e9e52af-08b7-5ca1-8893-72752b40aa7b', clock_timestamp(), '00000000-0000-0000-0000-000000000000', 'Aches', 'https://loglyimages.s3.us-east-2.amazonaws.com/Sick1.png', 330, '60fb715e-7e98-5e08-9da6-04f7c182fd1f'),
  ('977ca74c-02e3-5e24-b522-348c9e0fd3eb', clock_timestamp(), '00000000-0000-0000-0000-000000000000', 'Bike', 'https://loglyimages.s3.us-east-2.amazonaws.com/icons8-cycling-50.png', 331, '8870faea-30d4-52db-9659-8c75a0ba9ce3'),
  ('3e64f0a5-8149-53f3-bd0d-7e7de8f96a50', clock_timestamp(), '00000000-0000-0000-0000-000000000000', 'Fitwall', 'https://loglyimages.s3.us-east-2.amazonaws.com/icons8-workout-50.png', 332, '6e0d91f2-49dd-5018-896f-681a212cd475'),
  ('7aa0ae35-4797-57e0-88aa-ad9d1e266924', clock_timestamp(), '00000000-0000-0000-0000-000000000000', 'Push-ups', 'https://loglyimages.s3.us-east-2.amazonaws.com/icons8-warm-up-50.png', 334, '2d1e0bcd-10fb-56d5-a37c-065535d6b695'),
  ('6982d427-c811-5e8d-99cc-8c194bcc8cc1', clock_timestamp(), '00000000-0000-0000-0000-000000000000', 'Sit-ups', 'https://loglyimages.s3.us-east-2.amazonaws.com/icons8-warm-up-50.png', 335, '2d1e0bcd-10fb-56d5-a37c-065535d6b695'),
  ('001b100e-283d-5e74-96aa-3bca3c2f5dba', clock_timestamp(), '00000000-0000-0000-0000-000000000000', 'Planks', 'https://loglyimages.s3.us-east-2.amazonaws.com/icons8-warm-up-50.png', 336, '2d1e0bcd-10fb-56d5-a37c-065535d6b695'),
  ('31ecf17c-6666-5079-908e-6d11b29d7cb7', clock_timestamp(), '00000000-0000-0000-0000-000000000000', 'Squats', 'https://loglyimages.s3.us-east-2.amazonaws.com/icons8-warm-up-50.png', 337, '2d1e0bcd-10fb-56d5-a37c-065535d6b695'),
  ('f4e3ae9c-eb31-56a9-8bb2-683ccf9c2dc7', clock_timestamp(), '00000000-0000-0000-0000-000000000000', 'Lunges', 'https://loglyimages.s3.us-east-2.amazonaws.com/icons8-warm-up-50.png', 338, '2d1e0bcd-10fb-56d5-a37c-065535d6b695'),
  ('646a1ed5-1e1b-54df-90aa-a624a1aa6819', clock_timestamp(), '00000000-0000-0000-0000-000000000000', 'Dumbells', 'https://loglyimages.s3.us-east-2.amazonaws.com/icons8-warm-up-50.png', 339, '2d1e0bcd-10fb-56d5-a37c-065535d6b695'),
  ('debff468-93c7-5850-b65d-638a89043f7a', clock_timestamp(), '00000000-0000-0000-0000-000000000000', 'Burpees', 'https://loglyimages.s3.us-east-2.amazonaws.com/icons8-warm-up-50.png', 340, '2d1e0bcd-10fb-56d5-a37c-065535d6b695'),
  ('fccdafe4-728e-51cf-a23c-4c464e24a5fa', clock_timestamp(), '00000000-0000-0000-0000-000000000000', 'Wall Sits', 'https://loglyimages.s3.us-east-2.amazonaws.com/icons8-warm-up-50.png', 341, '2d1e0bcd-10fb-56d5-a37c-065535d6b695'),
  ('3c8510fb-a481-5434-adca-6af31f10463c', clock_timestamp(), '00000000-0000-0000-0000-000000000000', 'Step-ups', 'https://loglyimages.s3.us-east-2.amazonaws.com/icons8-warm-up-50.png', 342, '2d1e0bcd-10fb-56d5-a37c-065535d6b695'),
  ('8f1f4321-7e0c-576f-b3f8-afcca190a5a5', clock_timestamp(), '00000000-0000-0000-0000-000000000000', 'Pull-ups', 'https://loglyimages.s3.us-east-2.amazonaws.com/icons8-warm-up-50.png', 343, '2d1e0bcd-10fb-56d5-a37c-065535d6b695'),
  ('35478a68-2f73-53be-a46b-f456367d444b', clock_timestamp(), '00000000-0000-0000-0000-000000000000', 'Dips', 'https://loglyimages.s3.us-east-2.amazonaws.com/icons8-warm-up-50.png', 344, '2d1e0bcd-10fb-56d5-a37c-065535d6b695'),
  ('c53d1628-f11a-51b0-beda-f7cbfd2bb1b8', clock_timestamp(), '00000000-0000-0000-0000-000000000000', 'Supermans', 'https://loglyimages.s3.us-east-2.amazonaws.com/icons8-warm-up-50.png', 345, '2d1e0bcd-10fb-56d5-a37c-065535d6b695'),
  ('6cfe14df-5d1f-5a8e-bdbc-97548e9023ac', clock_timestamp(), '00000000-0000-0000-0000-000000000000', 'Hip Raises', 'https://loglyimages.s3.us-east-2.amazonaws.com/icons8-warm-up-50.png', 346, '2d1e0bcd-10fb-56d5-a37c-065535d6b695'),
  ('4e47281e-2525-5755-adca-5ab77a8909da', clock_timestamp(), '00000000-0000-0000-0000-000000000000', 'Crunches', 'https://loglyimages.s3.us-east-2.amazonaws.com/icons8-warm-up-50.png', 347, '2d1e0bcd-10fb-56d5-a37c-065535d6b695'),
  ('cfe101b2-fab1-54fb-99f2-6a32d258c633', clock_timestamp(), '00000000-0000-0000-0000-000000000000', 'Twists', 'https://loglyimages.s3.us-east-2.amazonaws.com/icons8-warm-up-50.png', 348, '2d1e0bcd-10fb-56d5-a37c-065535d6b695'),
  ('6f260a39-e9f4-5e48-b036-1c49f7b007ec', clock_timestamp(), '00000000-0000-0000-0000-000000000000', 'Bicycle Crunch', 'https://loglyimages.s3.us-east-2.amazonaws.com/icons8-warm-up-50.png', 349, '2d1e0bcd-10fb-56d5-a37c-065535d6b695'),
  ('3f9f8432-72c8-54a0-802f-31489fe165e8', clock_timestamp(), '00000000-0000-0000-0000-000000000000', 'Core', 'https://loglyimages.s3.us-east-2.amazonaws.com/icons8-warm-up-50.png', 350, '2d1e0bcd-10fb-56d5-a37c-065535d6b695'),
  ('a1e5e642-7d2e-58b8-a331-c0d1067907b9', clock_timestamp(), '00000000-0000-0000-0000-000000000000', 'Legs', 'https://loglyimages.s3.us-east-2.amazonaws.com/icons8-warm-up-50.png', 351, '2d1e0bcd-10fb-56d5-a37c-065535d6b695'),
  ('812b3705-4e5d-5ad5-a6a4-2ea280eead06', clock_timestamp(), '00000000-0000-0000-0000-000000000000', 'Arms', 'https://loglyimages.s3.us-east-2.amazonaws.com/icons8-warm-up-50.png', 352, '2d1e0bcd-10fb-56d5-a37c-065535d6b695'),
  ('1140f796-10ee-53d6-84ca-4e633957c308', clock_timestamp(), '00000000-0000-0000-0000-000000000000', 'Chest', 'https://loglyimages.s3.us-east-2.amazonaws.com/icons8-warm-up-50.png', 353, '2d1e0bcd-10fb-56d5-a37c-065535d6b695'),
  ('2338a14c-4a8d-5e52-9f14-c5fb19017361', clock_timestamp(), '00000000-0000-0000-0000-000000000000', 'Shoulders', 'https://loglyimages.s3.us-east-2.amazonaws.com/icons8-warm-up-50.png', 354, '2d1e0bcd-10fb-56d5-a37c-065535d6b695'),
  ('88f79ba1-76f0-5399-8b85-10140ab89102', clock_timestamp(), '00000000-0000-0000-0000-000000000000', 'Back', 'https://loglyimages.s3.us-east-2.amazonaws.com/icons8-warm-up-50.png', 355, '2d1e0bcd-10fb-56d5-a37c-065535d6b695'),
  ('609ccc59-51b0-5b90-b338-5f5b2cb6aece', clock_timestamp(), '00000000-0000-0000-0000-000000000000', 'Biceps', 'https://loglyimages.s3.us-east-2.amazonaws.com/icons8-warm-up-50.png', 356, '2d1e0bcd-10fb-56d5-a37c-065535d6b695'),
  ('8e008f2e-d37f-52c8-8da8-70772c6d29c1', clock_timestamp(), '00000000-0000-0000-0000-000000000000', 'Supermans', 'https://loglyimages.s3.us-east-2.amazonaws.com/icons8-warm-up-50.png', 357, '2d1e0bcd-10fb-56d5-a37c-065535d6b695'),
  ('c4703146-1884-5636-8733-e95ed450f425', clock_timestamp(), '00000000-0000-0000-0000-000000000000', 'Barre', 'https://loglyimages.s3.us-east-2.amazonaws.com/icons8-stretching-hamstring-50.png', 358, '13d13031-dffb-5e15-87dc-1e842435b1a5'),
  ('66c5d2f8-6aad-5eff-a83e-e335fc028682', clock_timestamp(), '00000000-0000-0000-0000-000000000000', 'barre3', 'https://loglyimages.s3.us-east-2.amazonaws.com/icons8-stretching-hamstring-50.png', 359, '13d13031-dffb-5e15-87dc-1e842435b1a5'),
  ('93afeefd-d513-595f-b487-5428cc29000b', clock_timestamp(), '00000000-0000-0000-0000-000000000000', 'Pure Barre', 'https://loglyimages.s3.us-east-2.amazonaws.com/icons8-stretching-hamstring-50.png', 360, '13d13031-dffb-5e15-87dc-1e842435b1a5'),
  ('367ad2d3-7f92-570c-8b9d-b5d8afba02b7', clock_timestamp(), '00000000-0000-0000-0000-000000000000', 'Barre Forte', 'https://loglyimages.s3.us-east-2.amazonaws.com/icons8-stretching-hamstring-50.png', 361, '13d13031-dffb-5e15-87dc-1e842435b1a5'),
  ('416194ea-60cf-5513-b74d-55dcb49821e9', clock_timestamp(), '00000000-0000-0000-0000-000000000000', 'POW!', 'https://loglyimages.s3.us-east-2.amazonaws.com/icons8-boxing-60.png', 362, '0ede326d-522d-53f5-ae0e-7540b0816e77'),
  ('ae584c62-feaa-5c25-a0db-239c39c734c0', clock_timestamp(), '00000000-0000-0000-0000-000000000000', 'TITLE Boxing', 'https://loglyimages.s3.us-east-2.amazonaws.com/icons8-boxing-60.png', 363, '0ede326d-522d-53f5-ae0e-7540b0816e77'),
  ('783244f1-73be-56b6-b469-45c552f58d66', clock_timestamp(), '00000000-0000-0000-0000-000000000000', '9Round Fitness', 'https://loglyimages.s3.us-east-2.amazonaws.com/icons8-boxing-60.png', 364, '0ede326d-522d-53f5-ae0e-7540b0816e77'),
  ('a4a3b448-b4cf-513c-9200-ba8c65f915a7', clock_timestamp(), '00000000-0000-0000-0000-000000000000', 'UFC Gym', 'https://loglyimages.s3.us-east-2.amazonaws.com/icons8-boxing-60.png', 365, '0ede326d-522d-53f5-ae0e-7540b0816e77'),
  ('030c718a-4930-57a7-97a7-bfd17ffe04ae', clock_timestamp(), '00000000-0000-0000-0000-000000000000', 'Rumble', 'https://loglyimages.s3.us-east-2.amazonaws.com/icons8-boxing-60.png', 366, '0ede326d-522d-53f5-ae0e-7540b0816e77'),
  ('42363569-22f4-5539-a7b1-1e17e5399ec8', clock_timestamp(), '00000000-0000-0000-0000-000000000000', 'Shadowbox', 'https://loglyimages.s3.us-east-2.amazonaws.com/icons8-boxing-60.png', 367, '0ede326d-522d-53f5-ae0e-7540b0816e77'),
  ('8e85f08a-1acf-5593-8f9a-f2dac83958b2', clock_timestamp(), '00000000-0000-0000-0000-000000000000', 'Body Shot', 'https://loglyimages.s3.us-east-2.amazonaws.com/icons8-boxing-60.png', 368, '0ede326d-522d-53f5-ae0e-7540b0816e77'),
  ('d76b29e6-7749-58d3-a425-8c9cfc8ff70f', clock_timestamp(), '00000000-0000-0000-0000-000000000000', 'Brooklyn Boulder', 'https://loglyimages.s3.us-east-2.amazonaws.com/icons8-climbing-50.png', 369, '19d30981-bc86-545c-97e4-53d1a3db2313'),
  ('b0a71576-efec-591f-97d6-2456fb4fc46c', clock_timestamp(), '00000000-0000-0000-0000-000000000000', 'First Ascent', 'https://loglyimages.s3.us-east-2.amazonaws.com/icons8-climbing-50.png', 370, '19d30981-bc86-545c-97e4-53d1a3db2313'),
  ('70d08a53-1bc8-573c-8515-2606362eeced', clock_timestamp(), '00000000-0000-0000-0000-000000000000', 'Denver Bouldering', 'https://loglyimages.s3.us-east-2.amazonaws.com/icons8-climbing-50.png', 371, '19d30981-bc86-545c-97e4-53d1a3db2313'),
  ('97f3e145-9c3d-5898-bbdc-a69b9ceb7b28', clock_timestamp(), '00000000-0000-0000-0000-000000000000', 'Movement Climbing', 'https://loglyimages.s3.us-east-2.amazonaws.com/icons8-climbing-50.png', 372, '19d30981-bc86-545c-97e4-53d1a3db2313'),
  ('b61e5d1b-b162-5ce3-b05f-7b702bbfe164', clock_timestamp(), '00000000-0000-0000-0000-000000000000', 'The Spot Bouldering', 'https://loglyimages.s3.us-east-2.amazonaws.com/icons8-climbing-50.png', 373, '19d30981-bc86-545c-97e4-53d1a3db2313'),
  ('31a8f0da-8b1b-54b7-ace3-af52de3475e3', clock_timestamp(), '00000000-0000-0000-0000-000000000000', 'Flywheel', 'https://loglyimages.s3.us-east-2.amazonaws.com/icons8-cycling-50.png', 374, '8870faea-30d4-52db-9659-8c75a0ba9ce3'),
  ('39592171-9ccc-5df5-aec2-16c6e920e58e', clock_timestamp(), '00000000-0000-0000-0000-000000000000', 'Cycle614', 'https://loglyimages.s3.us-east-2.amazonaws.com/icons8-cycling-50.png', 375, '8870faea-30d4-52db-9659-8c75a0ba9ce3'),
  ('634ff08d-12dd-504e-89f9-58d5f3343f64', clock_timestamp(), '00000000-0000-0000-0000-000000000000', 'SoulCycle', 'https://loglyimages.s3.us-east-2.amazonaws.com/icons8-cycling-50.png', 376, '8870faea-30d4-52db-9659-8c75a0ba9ce3'),
  ('b3e00c76-7ca1-5ae9-929a-e7e940c2df9b', clock_timestamp(), '00000000-0000-0000-0000-000000000000', 'Peloton', 'https://loglyimages.s3.us-east-2.amazonaws.com/icons8-cycling-50.png', 377, '8870faea-30d4-52db-9659-8c75a0ba9ce3'),
  ('82cb5bd1-cf67-53ff-bb4c-3add452da41e', clock_timestamp(), '00000000-0000-0000-0000-000000000000', 'CycleBar', 'https://loglyimages.s3.us-east-2.amazonaws.com/icons8-cycling-50.png', 378, '8870faea-30d4-52db-9659-8c75a0ba9ce3'),
  ('cbb404b0-df1d-5f2e-8078-1a917b7d09aa', clock_timestamp(), '00000000-0000-0000-0000-000000000000', 'iFit', 'https://loglyimages.s3.us-east-2.amazonaws.com/icons8-cycling-50.png', 379, '8870faea-30d4-52db-9659-8c75a0ba9ce3'),
  ('352511f8-9184-5eb4-b205-6373d62e977b', clock_timestamp(), '00000000-0000-0000-0000-000000000000', '9 Holes', 'https://loglyimages.s3.us-east-2.amazonaws.com/icons8-frisbee-50.png', 380, '8aacc13b-574f-5b50-9d7a-63c1b6d79377'),
  ('6aafd202-d035-5548-a2ca-f4ed708d4969', clock_timestamp(), '00000000-0000-0000-0000-000000000000', '18 Holes', 'https://loglyimages.s3.us-east-2.amazonaws.com/icons8-frisbee-50.png', 381, '8aacc13b-574f-5b50-9d7a-63c1b6d79377'),
  ('07f1c273-28a5-543b-99ad-5e80ffcd4d3c', clock_timestamp(), '00000000-0000-0000-0000-000000000000', 'Orangetheory', 'https://loglyimages.s3.us-east-2.amazonaws.com/icons8-exercise-50.png', 382, '6e0d91f2-49dd-5018-896f-681a212cd475'),
  ('c865ab2c-8b3b-5e61-afca-cbcc98aa80c0', clock_timestamp(), '00000000-0000-0000-0000-000000000000', 'F45', 'https://loglyimages.s3.us-east-2.amazonaws.com/icons8-exercise-50.png', 383, '6e0d91f2-49dd-5018-896f-681a212cd475'),
  ('d4e88d88-7890-5054-be00-a0564833fad2', clock_timestamp(), '00000000-0000-0000-0000-000000000000', 'Fit36', 'https://loglyimages.s3.us-east-2.amazonaws.com/icons8-exercise-50.png', 384, '6e0d91f2-49dd-5018-896f-681a212cd475'),
  ('50211af4-12da-51f3-8220-aa8bf09db96e', clock_timestamp(), '00000000-0000-0000-0000-000000000000', 'Tabata', 'https://loglyimages.s3.us-east-2.amazonaws.com/icons8-exercise-50.png', 385, '6e0d91f2-49dd-5018-896f-681a212cd475'),
  ('c94eff88-ee7b-5d6d-8fe9-abc211e67419', clock_timestamp(), '00000000-0000-0000-0000-000000000000', 'SWEAT', 'https://loglyimages.s3.us-east-2.amazonaws.com/icons8-exercise-50.png', 386, '6e0d91f2-49dd-5018-896f-681a212cd475'),
  ('61474420-bdcd-56d6-a875-ccf58806ea95', clock_timestamp(), '00000000-0000-0000-0000-000000000000', 'Barry''s', 'https://loglyimages.s3.us-east-2.amazonaws.com/icons8-exercise-50.png', 387, '6e0d91f2-49dd-5018-896f-681a212cd475'),
  ('ec4f3124-5802-5746-a084-c402620e8d1c', clock_timestamp(), '00000000-0000-0000-0000-000000000000', 'Goju', 'https://loglyimages.s3.us-east-2.amazonaws.com/icons8-taekwondo-60.png', 388, '8e6f6878-926f-545d-a5df-18414e836beb'),
  ('0cde6be5-c7e5-50ce-8f83-a4ccd4e30b3a', clock_timestamp(), '00000000-0000-0000-0000-000000000000', 'Shotokan', 'https://loglyimages.s3.us-east-2.amazonaws.com/icons8-taekwondo-60.png', 389, '8e6f6878-926f-545d-a5df-18414e836beb'),
  ('632092a6-5d5c-5e6a-bb3f-d583205ca6ad', clock_timestamp(), '00000000-0000-0000-0000-000000000000', 'Wado', 'https://loglyimages.s3.us-east-2.amazonaws.com/icons8-taekwondo-60.png', 390, '8e6f6878-926f-545d-a5df-18414e836beb'),
  ('d5598292-c97e-5215-bc24-48e2afd67ea1', clock_timestamp(), '00000000-0000-0000-0000-000000000000', 'Shito', 'https://loglyimages.s3.us-east-2.amazonaws.com/icons8-taekwondo-60.png', 391, '8e6f6878-926f-545d-a5df-18414e836beb'),
  ('d1ddcde4-f66c-5472-96f8-b9f73725722a', clock_timestamp(), '00000000-0000-0000-0000-000000000000', '9 Holes', 'https://loglyimages.s3.us-east-2.amazonaws.com/icons8_golf_50px_1.png', 392, 'c9537d01-0d7c-53fa-a9ed-54781075a22d'),
  ('9abe32d3-4502-5b2b-90d1-97bbd1528d76', clock_timestamp(), '00000000-0000-0000-0000-000000000000', '18 Holes', 'https://loglyimages.s3.us-east-2.amazonaws.com/icons8_golf_50px_1.png', 393, 'c9537d01-0d7c-53fa-a9ed-54781075a22d'),
  ('a77153f3-dcc2-520c-9546-f3dd88684cee', clock_timestamp(), '00000000-0000-0000-0000-000000000000', 'Scramble', 'https://loglyimages.s3.us-east-2.amazonaws.com/icons8_golf_50px_1.png', 394, 'c9537d01-0d7c-53fa-a9ed-54781075a22d'),
  ('a2d13cb8-2297-5197-be86-c34c0e6b8cc3', clock_timestamp(), '00000000-0000-0000-0000-000000000000', 'Skateboarding', 'https://loglyimages.s3.us-east-2.amazonaws.com/icons8-skateboarding-50.png', 395, '50e07fb4-e6bb-5193-b70b-db56b94e1a3c'),
  ('075ae564-40ec-5b60-a25f-eb44dcce4033', clock_timestamp(), '00000000-0000-0000-0000-000000000000', 'Roller Blading', 'https://loglyimages.s3.us-east-2.amazonaws.com/icons8-rollerblade-50.png', 396, '50e07fb4-e6bb-5193-b70b-db56b94e1a3c'),
  ('e12afca3-1770-5092-8c1d-0363af2008d8', clock_timestamp(), '00000000-0000-0000-0000-000000000000', 'Ice Skating', 'https://loglyimages.s3.us-east-2.amazonaws.com/icons8-ice-skate-50.png', 397, '50e07fb4-e6bb-5193-b70b-db56b94e1a3c'),
  ('a9fd8c93-4f71-5425-ae4f-b2a7b586efe9', clock_timestamp(), '00000000-0000-0000-0000-000000000000', 'StairMaster', 'https://loglyimages.s3.us-east-2.amazonaws.com/stair_stepper.png', 398, '5ca919b2-5b4d-59c5-ba55-fd509a9bdef0'),
  ('615a5da7-37e3-5e72-aba0-8d71801588ea', clock_timestamp(), '00000000-0000-0000-0000-000000000000', 'Outdoor Stairs', 'https://loglyimages.s3.us-east-2.amazonaws.com/stair_stepper.png', 399, '5ca919b2-5b4d-59c5-ba55-fd509a9bdef0'),
  ('203906b4-7fdd-548d-ab14-b39c7fb9cd1b', clock_timestamp(), '00000000-0000-0000-0000-000000000000', 'Stadium Stairs', 'https://loglyimages.s3.us-east-2.amazonaws.com/stair_stepper.png', 400, '5ca919b2-5b4d-59c5-ba55-fd509a9bdef0'),
  ('165fffb3-c814-5d83-9bee-a4b29bf08597', clock_timestamp(), '00000000-0000-0000-0000-000000000000', 'Stair Stepper', 'https://loglyimages.s3.us-east-2.amazonaws.com/stair_stepper.png', 401, '5ca919b2-5b4d-59c5-ba55-fd509a9bdef0'),
  ('c9fbcf03-d63d-501b-87ec-a9a4d9a017f5', clock_timestamp(), '00000000-0000-0000-0000-000000000000', 'Building Steps', 'https://loglyimages.s3.us-east-2.amazonaws.com/stair_stepper.png', 402, '5ca919b2-5b4d-59c5-ba55-fd509a9bdef0'),
  ('c59307b3-57c7-5f7c-98d3-fcea7e135a3d', clock_timestamp(), '00000000-0000-0000-0000-000000000000', 'Bracey Performance', 'https://loglyimages.s3.us-east-2.amazonaws.com/icons8-crossfit-50.png', 403, '370dc58b-3eb5-5f50-a1e3-36a14e563576'),
  ('7df14ec8-798c-5124-b836-6c76c073db6e', clock_timestamp(), '00000000-0000-0000-0000-000000000000', 'Treadmill', 'https://loglyimages.s3.us-east-2.amazonaws.com/icons8-walking-50.png', 404, '647223e3-ff67-597d-bea4-6b188ea08872'),
  ('9d2c6d14-4a8a-5087-8c6e-4d5cb98ffd6a', clock_timestamp(), '00000000-0000-0000-0000-000000000000', 'Speed Walking', 'https://loglyimages.s3.us-east-2.amazonaws.com/icons8-walking-50.png', 405, '647223e3-ff67-597d-bea4-6b188ea08872'),
  ('6714b889-a38b-54d4-bfc6-d443b6e2b358', clock_timestamp(), '00000000-0000-0000-0000-000000000000', 'Casual', 'https://loglyimages.s3.us-east-2.amazonaws.com/icons8-walking-50.png', 406, '647223e3-ff67-597d-bea4-6b188ea08872'),
  ('7e3b466b-bcdf-56b4-b8d8-635a808c03a9', clock_timestamp(), '00000000-0000-0000-0000-000000000000', 'Sprints', 'https://loglyimages.s3.us-east-2.amazonaws.com/icons8-running-50_(1).png', 407, '0b43c0a1-9849-5f47-b11e-2f2aed897e49'),
  ('027c6eba-d92d-5ca6-986e-60590e711008', clock_timestamp(), '00000000-0000-0000-0000-000000000000', 'Hills', 'https://loglyimages.s3.us-east-2.amazonaws.com/icons8-running-50_(1).png', 408, '0b43c0a1-9849-5f47-b11e-2f2aed897e49'),
  ('c0351d74-3686-51a7-93ea-ca5b15193ed1', clock_timestamp(), '00000000-0000-0000-0000-000000000000', 'Treadmill', 'https://loglyimages.s3.us-east-2.amazonaws.com/icons8-running-50_(1).png', 409, '0b43c0a1-9849-5f47-b11e-2f2aed897e49'),
  ('5ca41407-85f2-5b20-bd9c-afb055e85fdf', clock_timestamp(), '00000000-0000-0000-0000-000000000000', 'Arms', 'https://loglyimages.s3.us-east-2.amazonaws.com/icons8-weightlifting-50.png', 410, 'a67e680e-460a-5941-9fa8-56bf5a2ebce6'),
  ('501b3e00-9235-5fbb-8c5e-50d01e00836a', clock_timestamp(), '00000000-0000-0000-0000-000000000000', 'Back', 'https://loglyimages.s3.us-east-2.amazonaws.com/icons8-weightlifting-50.png', 411, 'a67e680e-460a-5941-9fa8-56bf5a2ebce6'),
  ('25b0a693-2ef1-5ca5-be77-2ecd76c078e1', clock_timestamp(), '00000000-0000-0000-0000-000000000000', 'Biceps', 'https://loglyimages.s3.us-east-2.amazonaws.com/icons8-weightlifting-50.png', 412, 'a67e680e-460a-5941-9fa8-56bf5a2ebce6'),
  ('6f41791b-8bf6-5881-b04f-09d9fb887abc', clock_timestamp(), '00000000-0000-0000-0000-000000000000', 'Chest', 'https://loglyimages.s3.us-east-2.amazonaws.com/icons8-weightlifting-50.png', 413, 'a67e680e-460a-5941-9fa8-56bf5a2ebce6'),
  ('f6d617a9-7a1c-58c6-bed6-1849ebfcafe7', clock_timestamp(), '00000000-0000-0000-0000-000000000000', 'Core', 'https://loglyimages.s3.us-east-2.amazonaws.com/icons8-weightlifting-50.png', 414, 'a67e680e-460a-5941-9fa8-56bf5a2ebce6'),
  ('95d8e72a-2716-524a-889f-ed94db998207', clock_timestamp(), '00000000-0000-0000-0000-000000000000', 'Full Body', 'https://loglyimages.s3.us-east-2.amazonaws.com/icons8-weightlifting-50.png', 415, 'a67e680e-460a-5941-9fa8-56bf5a2ebce6'),
  ('aa362dc6-1cb4-5f15-aeb6-9c8904fe3757', clock_timestamp(), '00000000-0000-0000-0000-000000000000', 'Legs', 'https://loglyimages.s3.us-east-2.amazonaws.com/icons8-weightlifting-50.png', 416, 'a67e680e-460a-5941-9fa8-56bf5a2ebce6'),
  ('a152818f-e1a9-5930-979e-c64c6dbd5d48', clock_timestamp(), '00000000-0000-0000-0000-000000000000', 'Shoulders', 'https://loglyimages.s3.us-east-2.amazonaws.com/icons8-weightlifting-50.png', 417, 'a67e680e-460a-5941-9fa8-56bf5a2ebce6'),
  ('7bb7c311-16f6-5f96-8b58-6c48c8961e9c', clock_timestamp(), '00000000-0000-0000-0000-000000000000', 'Triceps', 'https://loglyimages.s3.us-east-2.amazonaws.com/icons8-weightlifting-50.png', 418, 'a67e680e-460a-5941-9fa8-56bf5a2ebce6'),
  ('0a427fb7-91c4-5410-a5a8-ba24fe588fc4', clock_timestamp(), '00000000-0000-0000-0000-000000000000', 'Upper Body', 'https://loglyimages.s3.us-east-2.amazonaws.com/icons8-weightlifting-50.png', 419, 'a67e680e-460a-5941-9fa8-56bf5a2ebce6'),
  ('616d7a84-f3a7-5d9f-be50-1f58e93b5cea', clock_timestamp(), '00000000-0000-0000-0000-000000000000', 'Lower Body', 'https://loglyimages.s3.us-east-2.amazonaws.com/icons8-weightlifting-50.png', 420, 'a67e680e-460a-5941-9fa8-56bf5a2ebce6'),
  ('94da0e26-67a9-5395-bed1-53253732bf82', clock_timestamp(), '00000000-0000-0000-0000-000000000000', 'Ashtanga', 'https://loglyimages.s3.us-east-2.amazonaws.com/yoga-posture.png', 421, '7f4c9d8f-91f3-5e0e-8f0c-c63d79e59bec'),
  ('8d919082-c29b-5de1-a1e2-a914404a37fb', clock_timestamp(), '00000000-0000-0000-0000-000000000000', 'Bikram', 'https://loglyimages.s3.us-east-2.amazonaws.com/yoga-posture.png', 422, '7f4c9d8f-91f3-5e0e-8f0c-c63d79e59bec'),
  ('661b72cf-86ab-5c2c-9f46-55d99df9c762', clock_timestamp(), '00000000-0000-0000-0000-000000000000', 'Iyengar', 'https://loglyimages.s3.us-east-2.amazonaws.com/yoga-posture.png', 423, '7f4c9d8f-91f3-5e0e-8f0c-c63d79e59bec'),
  ('e1ee78ed-f22a-5bff-aa6a-731119068551', clock_timestamp(), '00000000-0000-0000-0000-000000000000', 'Jivamukti', 'https://loglyimages.s3.us-east-2.amazonaws.com/yoga-posture.png', 424, '7f4c9d8f-91f3-5e0e-8f0c-c63d79e59bec'),
  ('96b11640-38e8-5655-8f47-e3638e3181fe', clock_timestamp(), '00000000-0000-0000-0000-000000000000', 'Power', 'https://loglyimages.s3.us-east-2.amazonaws.com/yoga-posture.png', 425, '7f4c9d8f-91f3-5e0e-8f0c-c63d79e59bec'),
  ('29144f36-6289-5388-8f4f-31863201a72f', clock_timestamp(), '00000000-0000-0000-0000-000000000000', 'Sivananda', 'https://loglyimages.s3.us-east-2.amazonaws.com/yoga-posture.png', 426, '7f4c9d8f-91f3-5e0e-8f0c-c63d79e59bec'),
  ('ed10e983-6690-5e4f-8825-b08967accdb6', clock_timestamp(), '00000000-0000-0000-0000-000000000000', 'Vinyasa', 'https://loglyimages.s3.us-east-2.amazonaws.com/yoga-posture.png', 427, '7f4c9d8f-91f3-5e0e-8f0c-c63d79e59bec'),
  ('57e529d8-e3f0-5b81-98bc-73d4d9db8eb0', clock_timestamp(), '00000000-0000-0000-0000-000000000000', 'Yin', 'https://loglyimages.s3.us-east-2.amazonaws.com/yoga-posture.png', 428, '7f4c9d8f-91f3-5e0e-8f0c-c63d79e59bec'),
  ('69711191-bee1-50d7-94c2-38f8e1f0bc9a', clock_timestamp(), '00000000-0000-0000-0000-000000000000', 'Hot', 'https://loglyimages.s3.us-east-2.amazonaws.com/yoga-posture.png', 429, '7f4c9d8f-91f3-5e0e-8f0c-c63d79e59bec'),
  ('92de6628-3fa7-55ad-a7bd-80ae2ed96e86', clock_timestamp(), '00000000-0000-0000-0000-000000000000', 'CorePower', 'https://loglyimages.s3.us-east-2.amazonaws.com/yoga-posture.png', 430, '7f4c9d8f-91f3-5e0e-8f0c-c63d79e59bec'),
  ('0906677d-24a2-5238-8efb-783fd0cf05df', clock_timestamp(), '00000000-0000-0000-0000-000000000000', 'Yoga 2.0', 'https://loglyimages.s3.us-east-2.amazonaws.com/yoga-posture.png', 431, '7f4c9d8f-91f3-5e0e-8f0c-c63d79e59bec'),
  ('d400646e-f73c-5ffd-b0f0-72165f76b818', clock_timestamp(), '00000000-0000-0000-0000-000000000000', 'BIG Power', 'https://loglyimages.s3.us-east-2.amazonaws.com/yoga-posture.png', 432, '7f4c9d8f-91f3-5e0e-8f0c-c63d79e59bec'),
  ('e576edcc-3362-5981-8084-5a272c28b7d3', clock_timestamp(), '00000000-0000-0000-0000-000000000000', 'Countryside', 'https://loglyimages.s3.us-east-2.amazonaws.com/icons8-field-100.png', 433, '8e0dc783-93a1-57dc-b736-4094b4e11611'),
  ('fa8a42a6-54d4-51b3-b691-baeea2ffc0c0', clock_timestamp(), '00000000-0000-0000-0000-000000000000', 'Lake', 'https://loglyimages.s3.us-east-2.amazonaws.com/icons8-lake-50.png', 434, '8e0dc783-93a1-57dc-b736-4094b4e11611'),
  ('c623907d-ad42-5584-9779-98d4b5b1c86b', clock_timestamp(), '00000000-0000-0000-0000-000000000000', 'Roadtrip', 'https://loglyimages.s3.us-east-2.amazonaws.com/icons8-car-roof-box-100.png', 435, '8e0dc783-93a1-57dc-b736-4094b4e11611'),
  ('e25aa5b9-10aa-5070-bb6b-7007c0b0e09a', clock_timestamp(), '00000000-0000-0000-0000-000000000000', 'Travel', 'https://loglyimages.s3.us-east-2.amazonaws.com/vacation.png', 436, '8e0dc783-93a1-57dc-b736-4094b4e11611'),
  ('feba9a81-afda-5b54-b86d-7b3d9b079ffd', clock_timestamp(), '00000000-0000-0000-0000-000000000000', 'Cruise', 'https://loglyimages.s3.us-east-2.amazonaws.com/icons8-cruise-ship-50.png', 437, '8e0dc783-93a1-57dc-b736-4094b4e11611'),
  ('1ec5a038-de50-5d83-849e-b808f988712d', clock_timestamp(), '00000000-0000-0000-0000-000000000000', '36 Holes', 'https://loglyimages.s3.us-east-2.amazonaws.com/icons8_golf_50px_1.png', 438, 'c9537d01-0d7c-53fa-a9ed-54781075a22d'),
  ('2bc6fd25-f7a5-559a-ab68-b19349c294c7', clock_timestamp(), '00000000-0000-0000-0000-000000000000', 'Best Ball', 'https://loglyimages.s3.us-east-2.amazonaws.com/icons8_golf_50px_1.png', 439, 'c9537d01-0d7c-53fa-a9ed-54781075a22d'),
  ('11b8d578-0254-5f56-a702-bbb3dbddd01b', clock_timestamp(), '00000000-0000-0000-0000-000000000000', 'Driving Range', 'https://loglyimages.s3.us-east-2.amazonaws.com/icons8_golf_50px_1.png', 440, 'c9537d01-0d7c-53fa-a9ed-54781075a22d'),
  ('c98dfd53-ce86-578c-8295-5275efce3516', clock_timestamp(), '00000000-0000-0000-0000-000000000000', 'Match Play', 'https://loglyimages.s3.us-east-2.amazonaws.com/icons8_golf_50px_1.png', 441, 'c9537d01-0d7c-53fa-a9ed-54781075a22d'),
  ('a29efa1b-bc33-50ce-9d82-d069e713a05a', clock_timestamp(), '00000000-0000-0000-0000-000000000000', 'Simulator', 'https://loglyimages.s3.us-east-2.amazonaws.com/icons8_golf_50px_1.png', 442, 'c9537d01-0d7c-53fa-a9ed-54781075a22d'),
  ('63062f77-a79d-5a0f-83c8-2150d7d6c3f5', clock_timestamp(), '00000000-0000-0000-0000-000000000000', '27 Holes', 'https://loglyimages.s3.us-east-2.amazonaws.com/icons8_golf_50px_1.png', 443, 'c9537d01-0d7c-53fa-a9ed-54781075a22d'),
  ('85524d89-8859-5128-a3c2-e0ed8259d8ad', clock_timestamp(), '00000000-0000-0000-0000-000000000000', 'Yoga 2.0', 'https://loglyimages.s3.us-east-2.amazonaws.com/icons8-crossfit-50.png', 444, '370dc58b-3eb5-5f50-a1e3-36a14e563576'),
  ('0996a2db-c584-5f9d-be81-7b00077adfdd', clock_timestamp(), '00000000-0000-0000-0000-000000000000', 'COVID-19 #1', 'https://loglyimages.s3.us-east-2.amazonaws.com/icons8_syringe_50px.png', 445, 'a199cbf9-418e-5ea0-9d3e-90a3a87a566d'),
  ('409dcf7e-59ab-5c79-8953-89a3638be229', clock_timestamp(), '00000000-0000-0000-0000-000000000000', 'COVID-19 #2', 'https://loglyimages.s3.us-east-2.amazonaws.com/icons8_syringe_50px.png', 446, 'a199cbf9-418e-5ea0-9d3e-90a3a87a566d'),
  ('eacde9a9-2551-59d5-bf74-ebe9f723af82', clock_timestamp(), '00000000-0000-0000-0000-000000000000', 'COVID-19 Booster', 'https://loglyimages.s3.us-east-2.amazonaws.com/icons8_syringe_50px.png', 447, 'a199cbf9-418e-5ea0-9d3e-90a3a87a566d'),
  ('314147ee-79fe-519e-b865-11417a0d6c13', clock_timestamp(), '00000000-0000-0000-0000-000000000000', 'MLB', 'https://loglyimages.s3.us-east-2.amazonaws.com/icons8-performance-100.png', 448, '0f45c744-2957-54fc-82b7-6ea0dd9fd8a3'),
  ('62af3a3c-b628-5cc3-8c27-f7e5b3703d4a', clock_timestamp(), '00000000-0000-0000-0000-000000000000', 'NFL', 'https://loglyimages.s3.us-east-2.amazonaws.com/icons8-performance-100.png', 449, '0f45c744-2957-54fc-82b7-6ea0dd9fd8a3'),
  ('6872c349-e3d6-5bca-beea-02a7fc5854d3', clock_timestamp(), '00000000-0000-0000-0000-000000000000', 'NBA', 'https://loglyimages.s3.us-east-2.amazonaws.com/icons8-performance-100.png', 450, '0f45c744-2957-54fc-82b7-6ea0dd9fd8a3'),
  ('02a2fceb-be09-5ce5-9df3-5f2e9e9ed36b', clock_timestamp(), '00000000-0000-0000-0000-000000000000', 'NHL', 'https://loglyimages.s3.us-east-2.amazonaws.com/icons8-performance-100.png', 451, '0f45c744-2957-54fc-82b7-6ea0dd9fd8a3'),
  ('14a284a2-4d62-524c-8c08-9eb721021eb7', clock_timestamp(), '00000000-0000-0000-0000-000000000000', 'NCAAF', 'https://loglyimages.s3.us-east-2.amazonaws.com/icons8-performance-100.png', 452, '0f45c744-2957-54fc-82b7-6ea0dd9fd8a3'),
  ('9280d16d-af92-5de5-8a5e-2e169be47529', clock_timestamp(), '00000000-0000-0000-0000-000000000000', 'NCAAB', 'https://loglyimages.s3.us-east-2.amazonaws.com/icons8-performance-100.png', 453, '0f45c744-2957-54fc-82b7-6ea0dd9fd8a3'),
  ('58eeb929-414b-5253-8ced-fb0967178779', clock_timestamp(), '00000000-0000-0000-0000-000000000000', 'WNBA', 'https://loglyimages.s3.us-east-2.amazonaws.com/icons8-performance-100.png', 454, '0f45c744-2957-54fc-82b7-6ea0dd9fd8a3'),
  ('b386e4c8-eadc-53ad-9f61-362fc5606a34', clock_timestamp(), '00000000-0000-0000-0000-000000000000', 'MLS', 'https://loglyimages.s3.us-east-2.amazonaws.com/icons8-performance-100.png', 455, '0f45c744-2957-54fc-82b7-6ea0dd9fd8a3'),
  ('3fd3f5f8-f1e8-59eb-8cc1-4bda73d0acf1', clock_timestamp(), '00000000-0000-0000-0000-000000000000', 'NASCAR', 'https://loglyimages.s3.us-east-2.amazonaws.com/icons8-performance-100.png', 456, '0f45c744-2957-54fc-82b7-6ea0dd9fd8a3'),
  ('59db6b4e-9589-581a-b593-7201ae580f08', clock_timestamp(), '00000000-0000-0000-0000-000000000000', 'Soccer', 'https://loglyimages.s3.us-east-2.amazonaws.com/icons8-performance-100.png', 457, '0f45c744-2957-54fc-82b7-6ea0dd9fd8a3'),
  ('4bb9c501-86b6-54ee-ad5c-1235e116755c', clock_timestamp(), '00000000-0000-0000-0000-000000000000', 'Golf', 'https://loglyimages.s3.us-east-2.amazonaws.com/icons8-performance-100.png', 458, '0f45c744-2957-54fc-82b7-6ea0dd9fd8a3'),
  ('b0d01387-e986-55d4-b97a-b29b914fcd43', clock_timestamp(), '00000000-0000-0000-0000-000000000000', 'MMA', 'https://loglyimages.s3.us-east-2.amazonaws.com/icons8-performance-100.png', 459, '0f45c744-2957-54fc-82b7-6ea0dd9fd8a3'),
  ('d8b7057f-524f-55eb-b0e0-b952c697841e', clock_timestamp(), '00000000-0000-0000-0000-000000000000', 'WWE', 'https://loglyimages.s3.us-east-2.amazonaws.com/icons8-performance-100.png', 460, '0f45c744-2957-54fc-82b7-6ea0dd9fd8a3'),
  ('1ef3b001-7a4f-52bb-87e6-b4017ba35e24', clock_timestamp(), '00000000-0000-0000-0000-000000000000', 'X Games', 'https://loglyimages.s3.us-east-2.amazonaws.com/icons8-performance-100.png', 461, '0f45c744-2957-54fc-82b7-6ea0dd9fd8a3'),
  ('ec4ea225-5d65-521f-84bc-d95700a20bb0', clock_timestamp(), '00000000-0000-0000-0000-000000000000', 'Olympics', 'https://loglyimages.s3.us-east-2.amazonaws.com/icons8-performance-100.png', 462, '0f45c744-2957-54fc-82b7-6ea0dd9fd8a3'),
  ('e1a471d7-0ace-5f82-9495-a350a2dfaa36', clock_timestamp(), '00000000-0000-0000-0000-000000000000', 'Boxing', 'https://loglyimages.s3.us-east-2.amazonaws.com/icons8-performance-100.png', 463, '0f45c744-2957-54fc-82b7-6ea0dd9fd8a3'),
  ('3d84f6f4-0997-59e2-93bd-34f420305cde', clock_timestamp(), '00000000-0000-0000-0000-000000000000', 'Duality', 'https://loglyimages.s3.us-east-2.amazonaws.com/icons8-crossfit-50.png', 464, '370dc58b-3eb5-5f50-a1e3-36a14e563576'),
  ('fdf519cd-fecc-5771-9c07-f60c09fa9b23', clock_timestamp(), '00000000-0000-0000-0000-000000000000', 'National Park', 'https://loglyimages.s3.us-east-2.amazonaws.com/icons8-national-park-100.png', 465, '8e0dc783-93a1-57dc-b736-4094b4e11611'),
  ('a4493d52-3108-5aae-9299-f0f9dfe5be46', clock_timestamp(), '00000000-0000-0000-0000-000000000000', 'Breakfast', 'https://loglyimages.s3.us-east-2.amazonaws.com/icons8-tableware-100.png', 466, '0a323c92-e4af-58bd-968b-0c25484c7e6f'),
  ('8fd36ee9-c842-5fa8-8fe5-ef4599d7a67d', clock_timestamp(), '00000000-0000-0000-0000-000000000000', 'Brunch', 'https://loglyimages.s3.us-east-2.amazonaws.com/icons8-tableware-100.png', 467, '0a323c92-e4af-58bd-968b-0c25484c7e6f'),
  ('bfc73292-0e73-56ef-b4c7-ab027c9a93e3', clock_timestamp(), '00000000-0000-0000-0000-000000000000', 'Lunch', 'https://loglyimages.s3.us-east-2.amazonaws.com/icons8-tableware-100.png', 468, '0a323c92-e4af-58bd-968b-0c25484c7e6f'),
  ('414c6303-1428-5a79-9b96-dcae65c11317', clock_timestamp(), '00000000-0000-0000-0000-000000000000', 'Dinner', 'https://loglyimages.s3.us-east-2.amazonaws.com/icons8-tableware-100.png', 469, '0a323c92-e4af-58bd-968b-0c25484c7e6f'),
  ('7705d4d2-9732-51f3-9e0f-f84529980926', clock_timestamp(), '00000000-0000-0000-0000-000000000000', 'Celebration', 'https://loglyimages.s3.us-east-2.amazonaws.com/icons8-tableware-100.png', 470, '0a323c92-e4af-58bd-968b-0c25484c7e6f'),
  ('043531ff-c3e1-514b-a84a-5562029a22a3', clock_timestamp(), '00000000-0000-0000-0000-000000000000', 'Manicure', 'https://loglyimages.s3.us-east-2.amazonaws.com/nails.png', 471, '52ce9f13-395b-5a7a-86ac-12c8c4f32dd3'),
  ('7ea09f8e-f555-5dad-b696-2d71d826239a', clock_timestamp(), '00000000-0000-0000-0000-000000000000', 'Pedicure', 'https://loglyimages.s3.us-east-2.amazonaws.com/nails.png', 472, '52ce9f13-395b-5a7a-86ac-12c8c4f32dd3'),
  ('50b68f72-98fa-5d53-98de-49b524b13ec5', clock_timestamp(), '00000000-0000-0000-0000-000000000000', 'Technogym', 'https://loglyimages.s3.us-east-2.amazonaws.com/stair_stepper.png', 473, '5ca919b2-5b4d-59c5-ba55-fd509a9bdef0'),
  ('23ff7a30-715e-511b-afde-1575a5cd4d5c', clock_timestamp(), '00000000-0000-0000-0000-000000000000', 'Diarrhea', 'https://loglyimages.s3.us-east-2.amazonaws.com/Sick1.png', 474, '60fb715e-7e98-5e08-9da6-04f7c182fd1f'),
  ('2e56a0e5-e239-5868-b3e3-93fbb24e7cae', clock_timestamp(), '00000000-0000-0000-0000-000000000000', 'Finance', 'https://loglyimages.s3.us-east-2.amazonaws.com/Study.png', 475, 'd1376acf-b83a-50b7-a520-a6c90dcdecfd'),
  ('237fd8f6-ef90-5a8e-9100-0d37897456b7', clock_timestamp(), '00000000-0000-0000-0000-000000000000', 'Math', 'https://loglyimages.s3.us-east-2.amazonaws.com/Study.png', 476, 'd1376acf-b83a-50b7-a520-a6c90dcdecfd'),
  ('4263e1d8-f2de-5443-a54b-0f547f903041', clock_timestamp(), '00000000-0000-0000-0000-000000000000', 'History', 'https://loglyimages.s3.us-east-2.amazonaws.com/Study.png', 477, 'd1376acf-b83a-50b7-a520-a6c90dcdecfd'),
  ('cfe2794c-ab18-5507-b4b1-c891119e3a1d', clock_timestamp(), '00000000-0000-0000-0000-000000000000', 'Physics', 'https://loglyimages.s3.us-east-2.amazonaws.com/Study.png', 478, 'd1376acf-b83a-50b7-a520-a6c90dcdecfd'),
  ('0e2dd7f0-ac3d-5f31-bf05-748962ea01c4', clock_timestamp(), '00000000-0000-0000-0000-000000000000', 'Language', 'https://loglyimages.s3.us-east-2.amazonaws.com/Study.png', 479, 'd1376acf-b83a-50b7-a520-a6c90dcdecfd'),
  ('afa0157a-3dcb-5da4-9e94-7275fa060113', clock_timestamp(), '00000000-0000-0000-0000-000000000000', 'Geology', 'https://loglyimages.s3.us-east-2.amazonaws.com/Study.png', 480, 'd1376acf-b83a-50b7-a520-a6c90dcdecfd'),
  ('eac81736-ead1-5fbd-b9ed-26230448acfc', clock_timestamp(), '00000000-0000-0000-0000-000000000000', 'Engineering', 'https://loglyimages.s3.us-east-2.amazonaws.com/Study.png', 481, 'd1376acf-b83a-50b7-a520-a6c90dcdecfd'),
  ('4ce28cd1-62ca-5657-8927-a13f0fba214d', clock_timestamp(), '00000000-0000-0000-0000-000000000000', 'Psychology', 'https://loglyimages.s3.us-east-2.amazonaws.com/Study.png', 482, 'd1376acf-b83a-50b7-a520-a6c90dcdecfd'),
  ('7d4d5a91-4786-514d-8140-4e13b686df9e', clock_timestamp(), '00000000-0000-0000-0000-000000000000', 'Architecture', 'https://loglyimages.s3.us-east-2.amazonaws.com/Study.png', 483, 'd1376acf-b83a-50b7-a520-a6c90dcdecfd'),
  ('c17efee2-87ca-590b-8794-e5a9a5d4b8b0', clock_timestamp(), '00000000-0000-0000-0000-000000000000', 'Science', 'https://loglyimages.s3.us-east-2.amazonaws.com/Study.png', 484, 'd1376acf-b83a-50b7-a520-a6c90dcdecfd'),
  ('26e0e0c8-7dbc-5cd6-9991-cb6070946819', clock_timestamp(), '00000000-0000-0000-0000-000000000000', 'Biology', 'https://loglyimages.s3.us-east-2.amazonaws.com/Study.png', 485, 'd1376acf-b83a-50b7-a520-a6c90dcdecfd'),
  ('56527510-1361-5b27-a626-320edbde7c00', clock_timestamp(), '00000000-0000-0000-0000-000000000000', 'Art', 'https://loglyimages.s3.us-east-2.amazonaws.com/Study.png', 486, 'd1376acf-b83a-50b7-a520-a6c90dcdecfd'),
  ('3cbd6f2e-9568-59d2-884f-2ce52da77843', clock_timestamp(), '00000000-0000-0000-0000-000000000000', 'Business', 'https://loglyimages.s3.us-east-2.amazonaws.com/Study.png', 487, 'd1376acf-b83a-50b7-a520-a6c90dcdecfd'),
  ('3fead060-a954-51b8-89b2-96eeec26b031', clock_timestamp(), '00000000-0000-0000-0000-000000000000', 'Music', 'https://loglyimages.s3.us-east-2.amazonaws.com/Study.png', 488, 'd1376acf-b83a-50b7-a520-a6c90dcdecfd'),
  ('efaf3037-d8ff-5248-80f7-f9f1ec2dd7e3', clock_timestamp(), '00000000-0000-0000-0000-000000000000', 'Nursing', 'https://loglyimages.s3.us-east-2.amazonaws.com/Study.png', 489, 'd1376acf-b83a-50b7-a520-a6c90dcdecfd'),
  ('921ed3af-0eb0-5c07-be39-b33ae7fdd4c9', clock_timestamp(), '00000000-0000-0000-0000-000000000000', 'Statistics', 'https://loglyimages.s3.us-east-2.amazonaws.com/Study.png', 490, 'd1376acf-b83a-50b7-a520-a6c90dcdecfd'),
  ('35980e2c-abd8-5bdf-9c5e-1954278f8ef3', clock_timestamp(), '00000000-0000-0000-0000-000000000000', 'Politics', 'https://loglyimages.s3.us-east-2.amazonaws.com/Study.png', 491, 'd1376acf-b83a-50b7-a520-a6c90dcdecfd'),
  ('c4d317cc-8c8c-5f9b-91b9-2dc84877af6f', clock_timestamp(), '00000000-0000-0000-0000-000000000000', 'Education', 'https://loglyimages.s3.us-east-2.amazonaws.com/Study.png', 492, 'd1376acf-b83a-50b7-a520-a6c90dcdecfd'),
  ('5d74e8b8-9e04-5cef-b55f-d39b595c14db', clock_timestamp(), '00000000-0000-0000-0000-000000000000', 'Aviation', 'https://loglyimages.s3.us-east-2.amazonaws.com/Study.png', 493, 'd1376acf-b83a-50b7-a520-a6c90dcdecfd'),
  ('907dc0dd-bd6e-5b7f-b82c-bad5977b376d', clock_timestamp(), '00000000-0000-0000-0000-000000000000', 'Public Relations', 'https://loglyimages.s3.us-east-2.amazonaws.com/Study.png', 494, 'd1376acf-b83a-50b7-a520-a6c90dcdecfd'),
  ('b8f6bc76-acb2-5e53-a708-9eb16f2be353', clock_timestamp(), '00000000-0000-0000-0000-000000000000', 'Journalism', 'https://loglyimages.s3.us-east-2.amazonaws.com/Study.png', 495, 'd1376acf-b83a-50b7-a520-a6c90dcdecfd'),
  ('40658d13-bc29-5f73-b492-4c85c7f4e59f', clock_timestamp(), '00000000-0000-0000-0000-000000000000', 'Economics', 'https://loglyimages.s3.us-east-2.amazonaws.com/Study.png', 496, 'd1376acf-b83a-50b7-a520-a6c90dcdecfd'),
  ('408972df-5223-5c3e-939d-3d4ce77193d0', clock_timestamp(), '00000000-0000-0000-0000-000000000000', 'Chemistry', 'https://loglyimages.s3.us-east-2.amazonaws.com/Study.png', 497, 'd1376acf-b83a-50b7-a520-a6c90dcdecfd'),
  ('f7c40b7b-ac3a-5c44-88ea-c4339a8f308c', clock_timestamp(), '00000000-0000-0000-0000-000000000000', 'Environmental', 'https://loglyimages.s3.us-east-2.amazonaws.com/Study.png', 498, 'd1376acf-b83a-50b7-a520-a6c90dcdecfd'),
  ('8468856e-5eb7-5ef4-8a62-7945656f8c03', clock_timestamp(), '00000000-0000-0000-0000-000000000000', 'Car', 'https://loglyimages.s3.us-east-2.amazonaws.com/icons8-car-90.png', 499, 'e01df0d5-76c6-55ed-aec4-e245f62f9300'),
  ('2c139b3f-7759-5aaf-a74e-e6ad76e18fa6', clock_timestamp(), '00000000-0000-0000-0000-000000000000', 'House', 'https://loglyimages.s3.us-east-2.amazonaws.com/icons8-house-with-a-garden-100.png', 500, 'e01df0d5-76c6-55ed-aec4-e245f62f9300'),
  ('65ae8a9e-0dfe-5379-88a4-ce0b67a795eb', clock_timestamp(), '00000000-0000-0000-0000-000000000000', 'Moving', 'https://loglyimages.s3.us-east-2.amazonaws.com/icons8-truck-100.png', 501, 'e01df0d5-76c6-55ed-aec4-e245f62f9300'),
  ('f7060664-9d38-5d23-a794-a0139891d861', clock_timestamp(), '00000000-0000-0000-0000-000000000000', 'Duality', 'https://loglyimages.s3.us-east-2.amazonaws.com/icons8-exercise-50.png', 502, '6e0d91f2-49dd-5018-896f-681a212cd475'),
  ('808d4004-75f6-5c34-8d1b-9be22a6d56f9', clock_timestamp(), '00000000-0000-0000-0000-000000000000', 'Smart Hoop', 'https://loglyimages.s3.us-east-2.amazonaws.com/icons8-circle-100.png', 503, 'e608ee38-c8ca-5384-bd0f-54a32ddfafd5'),
  ('c8463903-146c-5a35-b59f-392d11d9694a', clock_timestamp(), '00000000-0000-0000-0000-000000000000', 'Mowing', 'https://loglyimages.s3.us-east-2.amazonaws.com/icons8-lawn-mower-100.png', 504, 'fbc2ee1c-6939-558f-a080-624876e7b567'),
  ('b59cacae-aa81-5976-9c90-5f40d8d9b92c', clock_timestamp(), '00000000-0000-0000-0000-000000000000', 'Deadlift', 'https://loglyimages.s3.us-east-2.amazonaws.com/icons8-weightlifting-50.png', 505, 'a67e680e-460a-5941-9fa8-56bf5a2ebce6'),
  ('ca911300-fd53-5cfa-bf8f-3b54c514df20', clock_timestamp(), '00000000-0000-0000-0000-000000000000', 'Dayclub', 'https://loglyimages.s3.us-east-2.amazonaws.com/icons8-dj-100.png', 510, 'fb91ec4e-98f8-53c2-ad4d-1ed44028b015'),
  ('88b9cfd9-5f5e-58c4-92b5-0b1f051a250e', clock_timestamp(), '00000000-0000-0000-0000-000000000000', 'Nightclub', 'https://loglyimages.s3.us-east-2.amazonaws.com/icons8-dj-100.png', 511, 'fb91ec4e-98f8-53c2-ad4d-1ed44028b015'),
  ('f7487004-2e2e-5320-9c39-ed58b299dca3', clock_timestamp(), '00000000-0000-0000-0000-000000000000', 'Skin', 'https://loglyimages.s3.us-east-2.amazonaws.com/icons8-skin-100.png', 512, '9ace621d-e781-5b77-a523-567a24a1c71d'),
  ('0eed9c87-1a97-51d3-a599-d34d8053517e', clock_timestamp(), '00000000-0000-0000-0000-000000000000', 'Eye', 'https://loglyimages.s3.us-east-2.amazonaws.com/icons8-eye-90.png', 513, '9ace621d-e781-5b77-a523-567a24a1c71d'),
  ('6c9a300d-01cb-5329-95d4-67142afff024', clock_timestamp(), '00000000-0000-0000-0000-000000000000', 'Ear', 'https://loglyimages.s3.us-east-2.amazonaws.com/icons8-hearing-100.png', 514, '9ace621d-e781-5b77-a523-567a24a1c71d'),
  ('f8749e4f-fffd-5fe8-bfe4-28134d17961f', clock_timestamp(), '00000000-0000-0000-0000-000000000000', 'Extremity', 'https://loglyimages.s3.us-east-2.amazonaws.com/icons8-contact-78.png', 515, '9ace621d-e781-5b77-a523-567a24a1c71d'),
  ('ae6e965f-be45-5ae9-9301-6cfcfe3e1b7e', clock_timestamp(), '00000000-0000-0000-0000-000000000000', 'Virus', 'https://loglyimages.s3.us-east-2.amazonaws.com/Sick1.png', 516, '60fb715e-7e98-5e08-9da6-04f7c182fd1f'),
  ('8e28cfd6-32f2-52e0-82ec-b96375687b82', clock_timestamp(), '00000000-0000-0000-0000-000000000000', 'Cough', 'https://loglyimages.s3.us-east-2.amazonaws.com/Sick1.png', 517, '60fb715e-7e98-5e08-9da6-04f7c182fd1f'),
  ('8e4d7853-86e1-5bd0-b52b-e13ca3b7097c', clock_timestamp(), '00000000-0000-0000-0000-000000000000', 'Alcohol', 'https://loglyimages.s3.us-east-2.amazonaws.com/icons8_champagne_50px.png', 518, '8a0ea615-9f6c-5f96-a916-1a112329d279'),
  ('a3b9127b-5779-5a39-b05e-eb9b345ccef1', clock_timestamp(), '00000000-0000-0000-0000-000000000000', 'Beer', 'https://loglyimages.s3.us-east-2.amazonaws.com/icons8_champagne_50px.png', 519, '8a0ea615-9f6c-5f96-a916-1a112329d279'),
  ('1c98d791-f008-52dc-8b60-cd818546fd78', clock_timestamp(), '00000000-0000-0000-0000-000000000000', 'Wine', 'https://loglyimages.s3.us-east-2.amazonaws.com/icons8_champagne_50px.png', 520, '8a0ea615-9f6c-5f96-a916-1a112329d279'),
  ('c27f1aca-eb12-5682-883e-7220e3eb0667', clock_timestamp(), '00000000-0000-0000-0000-000000000000', 'Liquor', 'https://loglyimages.s3.us-east-2.amazonaws.com/icons8_champagne_50px.png', 521, '8a0ea615-9f6c-5f96-a916-1a112329d279'),
  ('81073e6a-d622-5c56-9947-6ffc7e9105b0', clock_timestamp(), '00000000-0000-0000-0000-000000000000', 'Cocktails', 'https://loglyimages.s3.us-east-2.amazonaws.com/icons8_champagne_50px.png', 522, '8a0ea615-9f6c-5f96-a916-1a112329d279'),
  ('07ed0590-a6f7-529c-8a3c-948bd8715d0f', clock_timestamp(), '00000000-0000-0000-0000-000000000000', 'Engagement', 'https://loglyimages.s3.us-east-2.amazonaws.com/icons8-event-64.png', 523, 'e01df0d5-76c6-55ed-aec4-e245f62f9300'),
  ('62dbb12e-e836-5fb2-90fd-72465d3906b0', clock_timestamp(), '00000000-0000-0000-0000-000000000000', 'Marriage', 'https://loglyimages.s3.us-east-2.amazonaws.com/icons8-event-64.png', 524, 'e01df0d5-76c6-55ed-aec4-e245f62f9300'),
  ('83755601-3b4e-5e4f-8e25-0cff90c9d1dc', clock_timestamp(), '00000000-0000-0000-0000-000000000000', 'Divorce', 'https://loglyimages.s3.us-east-2.amazonaws.com/icons8-event-64.png', 525, 'e01df0d5-76c6-55ed-aec4-e245f62f9300'),
  ('20092069-5be8-5fcc-a3de-9cd2b5ea53a0', clock_timestamp(), '00000000-0000-0000-0000-000000000000', 'Festival', 'https://loglyimages.s3.us-east-2.amazonaws.com/icons8_concert_50px.png', 526, 'f04fa7df-b8bc-5307-ab80-7295850e1981'),
  ('ad4240fa-8528-5145-9fcf-75df6b30e98d', clock_timestamp(), '00000000-0000-0000-0000-000000000000', 'Sailing', 'https://loglyimages.s3.us-east-2.amazonaws.com/vacation.png', 527, '8e0dc783-93a1-57dc-b736-4094b4e11611'),
  ('c03cf56f-9b6a-5fd4-9a9a-8de160dc4518', clock_timestamp(), '00000000-0000-0000-0000-000000000000', '1st Dose', 'https://loglyimages.s3.us-east-2.amazonaws.com/icons8-hand-with-a-pill-100.png', 528, 'c59adbe5-0222-5af3-8f6e-73c490a498ec'),
  ('80bdd063-ef02-54cb-9d96-6aea72ab6c4a', clock_timestamp(), '00000000-0000-0000-0000-000000000000', '2nd Dost', 'https://loglyimages.s3.us-east-2.amazonaws.com/icons8-hand-with-a-pill-100.png', 529, 'c59adbe5-0222-5af3-8f6e-73c490a498ec'),
  ('dcf4380b-08bf-5ae4-9e69-bf390fb143c6', clock_timestamp(), '00000000-0000-0000-0000-000000000000', '3rd Dose', 'https://loglyimages.s3.us-east-2.amazonaws.com/icons8-hand-with-a-pill-100.png', 530, 'c59adbe5-0222-5af3-8f6e-73c490a498ec'),
  ('5e7db78c-817b-59fb-9548-63b84b538c06', clock_timestamp(), '00000000-0000-0000-0000-000000000000', '4th Dose', 'https://loglyimages.s3.us-east-2.amazonaws.com/icons8-hand-with-a-pill-100.png', 531, 'c59adbe5-0222-5af3-8f6e-73c490a498ec'),
  ('737a7d2d-add7-5558-bc91-75eba7691bfa', clock_timestamp(), '00000000-0000-0000-0000-000000000000', 'Arm', 'https://loglyimages.s3.us-east-2.amazonaws.com/icons8-cast-100.png', 532, '100cbd92-331c-5a05-a9f2-428e9cabc4b5'),
  ('8730fca8-f0a1-5085-ac2e-1bab314e2624', clock_timestamp(), '00000000-0000-0000-0000-000000000000', 'Leg', 'https://loglyimages.s3.us-east-2.amazonaws.com/icons8-cast-100.png', 533, '100cbd92-331c-5a05-a9f2-428e9cabc4b5'),
  ('69d04bd3-919e-5009-82a0-92cbdf1593d9', clock_timestamp(), '00000000-0000-0000-0000-000000000000', 'Ankle', 'https://loglyimages.s3.us-east-2.amazonaws.com/icons8-ankle-100.png', 534, '100cbd92-331c-5a05-a9f2-428e9cabc4b5'),
  ('98b53ddd-d50a-5afc-8ee4-19f6fafc0ea7', clock_timestamp(), '00000000-0000-0000-0000-000000000000', 'Neck', 'https://loglyimages.s3.us-east-2.amazonaws.com/icons8-cast-100.png', 535, '100cbd92-331c-5a05-a9f2-428e9cabc4b5'),
  ('eb20ace8-ea10-559d-99f4-5f2393968cc3', clock_timestamp(), '00000000-0000-0000-0000-000000000000', 'Chest', 'https://loglyimages.s3.us-east-2.amazonaws.com/icons8-cast-100.png', 536, '100cbd92-331c-5a05-a9f2-428e9cabc4b5'),
  ('5c289294-99e6-538f-8379-1f6afa2d7248', clock_timestamp(), '00000000-0000-0000-0000-000000000000', 'Hamstring', 'https://loglyimages.s3.us-east-2.amazonaws.com/icons8-cast-100.png', 537, '100cbd92-331c-5a05-a9f2-428e9cabc4b5'),
  ('1c0fd5c9-df00-5ead-a1e5-23738bf54b91', clock_timestamp(), '00000000-0000-0000-0000-000000000000', 'Groin', 'https://loglyimages.s3.us-east-2.amazonaws.com/icons8-cast-100.png', 538, '100cbd92-331c-5a05-a9f2-428e9cabc4b5'),
  ('0492a50d-950b-52ee-b06a-93c41b3a7644', clock_timestamp(), '00000000-0000-0000-0000-000000000000', 'Bicep', 'https://loglyimages.s3.us-east-2.amazonaws.com/icons8-cast-100.png', 539, '100cbd92-331c-5a05-a9f2-428e9cabc4b5'),
  ('da6ba993-60fe-59a8-b169-94ea6577f785', clock_timestamp(), '00000000-0000-0000-0000-000000000000', 'Oblique', 'https://loglyimages.s3.us-east-2.amazonaws.com/icons8-cast-100.png', 540, '100cbd92-331c-5a05-a9f2-428e9cabc4b5'),
  ('c31662df-6937-545b-889b-17ac2d2aaa53', clock_timestamp(), '00000000-0000-0000-0000-000000000000', 'Achilles', 'https://loglyimages.s3.us-east-2.amazonaws.com/icons8-cast-100.png', 541, '100cbd92-331c-5a05-a9f2-428e9cabc4b5'),
  ('d204e40b-9ef6-5239-a424-78bbf9d4b313', clock_timestamp(), '00000000-0000-0000-0000-000000000000', 'Foot', 'https://loglyimages.s3.us-east-2.amazonaws.com/icons8-ankle-100.png', 542, '100cbd92-331c-5a05-a9f2-428e9cabc4b5'),
  ('e0a8ab51-a656-5bd6-a46c-6b3c586979bd', clock_timestamp(), '00000000-0000-0000-0000-000000000000', 'Finger', 'https://loglyimages.s3.us-east-2.amazonaws.com/icons8-cast-100.png', 543, '100cbd92-331c-5a05-a9f2-428e9cabc4b5'),
  ('9cb84ab3-0af0-5841-9188-7f83d10d385f', clock_timestamp(), '00000000-0000-0000-0000-000000000000', 'Wrist', 'https://loglyimages.s3.us-east-2.amazonaws.com/icons8-cast-100.png', 544, '100cbd92-331c-5a05-a9f2-428e9cabc4b5'),
  ('944c694b-9115-569b-ba0d-39065b200669', clock_timestamp(), '00000000-0000-0000-0000-000000000000', 'Knee', 'https://loglyimages.s3.us-east-2.amazonaws.com/icons8-cast-100.png', 545, '100cbd92-331c-5a05-a9f2-428e9cabc4b5'),
  ('c64a36a4-b4cc-5be7-9ed2-edffed293b40', clock_timestamp(), '00000000-0000-0000-0000-000000000000', 'Soar Throat', 'https://loglyimages.s3.us-east-2.amazonaws.com/Sick1.png', 546, '60fb715e-7e98-5e08-9da6-04f7c182fd1f'),
  ('d3f9c414-4def-5d08-9d59-39549ba5b7d3', clock_timestamp(), '00000000-0000-0000-0000-000000000000', 'Cleaning', 'https://loglyimages.s3.us-east-2.amazonaws.com/icons8-dirty-dishes-100.png', 547, 'e21fe419-ef94-5939-bbe5-d9a6e12b24d7'),
  ('ea8bc15d-54f6-5f79-8b90-d806ac8c22d4', clock_timestamp(), '00000000-0000-0000-0000-000000000000', 'Mowing', 'https://loglyimages.s3.us-east-2.amazonaws.com/icons8-dirty-dishes-100.png', 548, 'e21fe419-ef94-5939-bbe5-d9a6e12b24d7'),
  ('4bc666cf-b59b-56f1-adb9-df79cda6f0da', clock_timestamp(), '00000000-0000-0000-0000-000000000000', 'Dusting', 'https://loglyimages.s3.us-east-2.amazonaws.com/icons8-dirty-dishes-100.png', 549, 'e21fe419-ef94-5939-bbe5-d9a6e12b24d7'),
  ('9c75be08-71f4-53f7-a684-d18c5298ac93', clock_timestamp(), '00000000-0000-0000-0000-000000000000', 'Laundry', 'https://loglyimages.s3.us-east-2.amazonaws.com/icons8-dirty-dishes-100.png', 550, 'e21fe419-ef94-5939-bbe5-d9a6e12b24d7'),
  ('904ad8c0-d891-571f-a188-7136135598af', clock_timestamp(), '00000000-0000-0000-0000-000000000000', 'Yard Work', 'https://loglyimages.s3.us-east-2.amazonaws.com/icons8-dirty-dishes-100.png', 551, 'e21fe419-ef94-5939-bbe5-d9a6e12b24d7'),
  ('1b1a74de-c477-55cc-bb32-1519f3f219b0', clock_timestamp(), '00000000-0000-0000-0000-000000000000', 'Storage', 'https://loglyimages.s3.us-east-2.amazonaws.com/icons8-dirty-dishes-100.png', 552, 'e21fe419-ef94-5939-bbe5-d9a6e12b24d7'),
  ('37ec32dd-c630-5e5c-8218-54b32ee7efcd', clock_timestamp(), '00000000-0000-0000-0000-000000000000', 'Yoga Box', 'https://loglyimages.s3.us-east-2.amazonaws.com/yoga-posture.png', 553, '7f4c9d8f-91f3-5e0e-8f0c-c63d79e59bec'),
  ('2cc7623d-a102-5c93-b4c8-65b3ebdf6cb9', clock_timestamp(), '00000000-0000-0000-0000-000000000000', 'Trail', 'https://loglyimages.s3.us-east-2.amazonaws.com/icons8-running-50_(1).png', 554, '0b43c0a1-9849-5f47-b11e-2f2aed897e49'),
  ('a052c1d7-a881-5e91-b85b-7f8d5d8b1720', clock_timestamp(), '00000000-0000-0000-0000-000000000000', 'Foot', 'https://loglyimages.s3.us-east-2.amazonaws.com/icons8-cast-100.png', 560, '100cbd92-331c-5a05-a9f2-428e9cabc4b5'),
  ('eefe9497-1dda-5ae7-bece-55e106a7a9bf', clock_timestamp(), '00000000-0000-0000-0000-000000000000', 'Hot Tub', 'https://loglyimages.s3.us-east-2.amazonaws.com/icons8-jacuzzi-100.png', 561, '761cee39-9bea-5f2a-81ff-909e722d54e5'),
  ('6d7a4eac-e1b9-5746-88c5-2b733e0fea20', clock_timestamp(), '00000000-0000-0000-0000-000000000000', 'Cold Plunge', 'https://loglyimages.s3.us-east-2.amazonaws.com/icons8-defrosting-100.png', 562, '761cee39-9bea-5f2a-81ff-909e722d54e5'),
  ('72fd0b6b-3068-532a-994d-cab6483a8d17', clock_timestamp(), '00000000-0000-0000-0000-000000000000', 'Ice Bath', 'https://loglyimages.s3.us-east-2.amazonaws.com/icons8-defrosting-100.png', 563, '761cee39-9bea-5f2a-81ff-909e722d54e5'),
  ('465580ac-3769-5a0a-8594-d505917ac5c2', clock_timestamp(), '00000000-0000-0000-0000-000000000000', 'Jacuzzi', 'https://loglyimages.s3.us-east-2.amazonaws.com/icons8-jacuzzi-100.png', 564, '761cee39-9bea-5f2a-81ff-909e722d54e5'),
  ('f44bff59-de17-594d-86b0-04dec5d5d63e', clock_timestamp(), '00000000-0000-0000-0000-000000000000', 'Breakfast', 'https://loglyimages.s3.us-east-2.amazonaws.com/icons8-coffee-cup-90.png', 565, '50518eae-1753-50d8-89eb-62f4e2991503'),
  ('554a4430-157f-53cf-b843-cc2b363c09e7', clock_timestamp(), '00000000-0000-0000-0000-000000000000', 'Lunch', 'https://loglyimages.s3.us-east-2.amazonaws.com/icons8-tableware-100.png', 566, '50518eae-1753-50d8-89eb-62f4e2991503'),
  ('098c3715-49b9-522b-bc66-4fa8fb730e86', clock_timestamp(), '00000000-0000-0000-0000-000000000000', 'Dinner', 'https://loglyimages.s3.us-east-2.amazonaws.com/icons8-tableware-100.png', 567, '50518eae-1753-50d8-89eb-62f4e2991503'),
  ('25498b4f-c663-5d33-83fe-ca0366725020', clock_timestamp(), '00000000-0000-0000-0000-000000000000', 'Fast Food', 'https://loglyimages.s3.us-east-2.amazonaws.com/icons8-cheeseburger-90.png', 568, '50518eae-1753-50d8-89eb-62f4e2991503'),
  ('8a3174c4-2263-5332-a434-0414095e1190', clock_timestamp(), '00000000-0000-0000-0000-000000000000', 'Snack', 'https://loglyimages.s3.us-east-2.amazonaws.com/icons8-potato-chips-100.png', 569, '50518eae-1753-50d8-89eb-62f4e2991503'),
  ('df0642df-5abe-5e5b-a167-dbb4d82b0bcc', clock_timestamp(), '00000000-0000-0000-0000-000000000000', 'Fortnite', 'https://loglyimages.s3.us-east-2.amazonaws.com/icons8-nintendo-switch-pro-controller-100.png', 570, '3beadadb-24d8-5391-a7be-9b882467cbd3'),
  ('e7679554-a053-55f7-b4ea-538d0f8e0e94', clock_timestamp(), '00000000-0000-0000-0000-000000000000', 'Call of Duty', 'https://loglyimages.s3.us-east-2.amazonaws.com/icons8-nintendo-switch-pro-controller-100.png', 571, '3beadadb-24d8-5391-a7be-9b882467cbd3'),
  ('ff7b6fef-8938-5866-abe8-a589f1d58cf3', clock_timestamp(), '00000000-0000-0000-0000-000000000000', 'League of Legends', 'https://loglyimages.s3.us-east-2.amazonaws.com/icons8-nintendo-switch-pro-controller-100.png', 572, '3beadadb-24d8-5391-a7be-9b882467cbd3'),
  ('b575ad51-fd8a-5e1c-a8af-daf8b8de944b', clock_timestamp(), '00000000-0000-0000-0000-000000000000', 'Minecraft', 'https://loglyimages.s3.us-east-2.amazonaws.com/icons8-nintendo-switch-pro-controller-100.png', 573, '3beadadb-24d8-5391-a7be-9b882467cbd3'),
  ('df7af8d3-27ab-5b33-84bf-d97846c48ada', clock_timestamp(), '00000000-0000-0000-0000-000000000000', 'Grand Theft Auto', 'https://loglyimages.s3.us-east-2.amazonaws.com/icons8-nintendo-switch-pro-controller-100.png', 574, '3beadadb-24d8-5391-a7be-9b882467cbd3'),
  ('bce31c93-7ec7-5610-962e-5aa98843d445', clock_timestamp(), '00000000-0000-0000-0000-000000000000', 'Roblox', 'https://loglyimages.s3.us-east-2.amazonaws.com/icons8-nintendo-switch-pro-controller-100.png', 575, '3beadadb-24d8-5391-a7be-9b882467cbd3'),
  ('34f567aa-2ef7-57de-a8a8-283a7e13a52a', clock_timestamp(), '00000000-0000-0000-0000-000000000000', 'Overwatch', 'https://loglyimages.s3.us-east-2.amazonaws.com/icons8-nintendo-switch-pro-controller-100.png', 576, '3beadadb-24d8-5391-a7be-9b882467cbd3'),
  ('843c3b1b-e27a-5b1b-9f4b-bb686622858e', clock_timestamp(), '00000000-0000-0000-0000-000000000000', 'DDP Yoga', 'https://loglyimages.s3.us-east-2.amazonaws.com/yoga-posture.png', 577, '7f4c9d8f-91f3-5e0e-8f0c-c63d79e59bec'),
  ('b35f02ae-b7f2-5d0d-b28f-0fd8100d1c24', clock_timestamp(), '00000000-0000-0000-0000-000000000000', 'YouTube', 'https://loglyimages.s3.us-east-2.amazonaws.com/icons8-retro-tv-100.png', 578, '104d5448-7afb-5efe-9da6-7b47f11748dc'),
  ('b93c20c4-f7a0-53d3-a086-e3a66cc451a3', clock_timestamp(), '00000000-0000-0000-0000-000000000000', 'Netflix', 'https://loglyimages.s3.us-east-2.amazonaws.com/icons8-retro-tv-100.png', 579, '104d5448-7afb-5efe-9da6-7b47f11748dc'),
  ('ed7b0642-f386-55ee-9445-34a9b75cfb06', clock_timestamp(), '00000000-0000-0000-0000-000000000000', 'Hulu', 'https://loglyimages.s3.us-east-2.amazonaws.com/icons8-retro-tv-100.png', 580, '104d5448-7afb-5efe-9da6-7b47f11748dc'),
  ('556fc329-e8c4-5df5-8074-11c3096703f8', clock_timestamp(), '00000000-0000-0000-0000-000000000000', 'Disney+', 'https://loglyimages.s3.us-east-2.amazonaws.com/icons8-retro-tv-100.png', 581, '104d5448-7afb-5efe-9da6-7b47f11748dc'),
  ('3cb617df-e2fc-54e5-9ba6-eb0430056cde', clock_timestamp(), '00000000-0000-0000-0000-000000000000', 'Paramount+', 'https://loglyimages.s3.us-east-2.amazonaws.com/icons8-retro-tv-100.png', 582, '104d5448-7afb-5efe-9da6-7b47f11748dc'),
  ('3c7b3e24-1d58-5dcc-a4b2-a4e8c239067f', clock_timestamp(), '00000000-0000-0000-0000-000000000000', 'Apple TV+', 'https://loglyimages.s3.us-east-2.amazonaws.com/icons8-retro-tv-100.png', 583, '104d5448-7afb-5efe-9da6-7b47f11748dc'),
  ('a074c23e-620e-543c-9ab6-fa7963382f44', clock_timestamp(), '00000000-0000-0000-0000-000000000000', 'Amazon Prime', 'https://loglyimages.s3.us-east-2.amazonaws.com/icons8-retro-tv-100.png', 584, '104d5448-7afb-5efe-9da6-7b47f11748dc'),
  ('a35dc754-63dd-5346-8c71-ef2dc6a97b1b', clock_timestamp(), '00000000-0000-0000-0000-000000000000', 'HBO', 'https://loglyimages.s3.us-east-2.amazonaws.com/icons8-retro-tv-100.png', 585, '104d5448-7afb-5efe-9da6-7b47f11748dc'),
  ('994d1eb4-1edf-5fb2-b83b-482453126329', clock_timestamp(), '00000000-0000-0000-0000-000000000000', 'Low', 'https://loglyimages.s3.us-east-2.amazonaws.com/icons8-anxiety-100.png', 586, '44dea516-7df1-5636-b5f4-c5ffb8c033d7'),
  ('19cfd16c-c3ed-565d-b62c-caa84aee9673', clock_timestamp(), '00000000-0000-0000-0000-000000000000', 'Medium', 'https://loglyimages.s3.us-east-2.amazonaws.com/icons8-anxiety-100.png', 587, '44dea516-7df1-5636-b5f4-c5ffb8c033d7'),
  ('976c3e0e-b204-5ba6-b5f5-fd475a6dfe7e', clock_timestamp(), '00000000-0000-0000-0000-000000000000', 'High', 'https://loglyimages.s3.us-east-2.amazonaws.com/icons8-anxiety-100.png', 588, '44dea516-7df1-5636-b5f4-c5ffb8c033d7'),
  ('d2daaa93-e851-5fa9-b8d5-c0eadfa31d17', clock_timestamp(), '00000000-0000-0000-0000-000000000000', 'Extreme', 'https://loglyimages.s3.us-east-2.amazonaws.com/icons8-anxiety-100.png', 589, '44dea516-7df1-5636-b5f4-c5ffb8c033d7'),
  ('bae78c98-51c4-5dc6-bed7-42b4097cfd99', clock_timestamp(), '00000000-0000-0000-0000-000000000000', 'Drums', 'https://loglyimages.s3.us-east-2.amazonaws.com/icons8-drum-set-90.png', 590, 'e69abe3c-4380-5123-b26c-069e08228b8d'),
  ('3119174b-8fa5-5d0d-a7a4-8df268268ab7', clock_timestamp(), '00000000-0000-0000-0000-000000000000', 'Piano', 'https://loglyimages.s3.us-east-2.amazonaws.com/icons8-grand-piano-90.png', 591, 'e69abe3c-4380-5123-b26c-069e08228b8d'),
  ('f9aca54b-6cd5-5119-8a81-4cce6b2dcaa3', clock_timestamp(), '00000000-0000-0000-0000-000000000000', 'Guitar', 'https://loglyimages.s3.us-east-2.amazonaws.com/icons8-guitar-100.png', 592, 'e69abe3c-4380-5123-b26c-069e08228b8d'),
  ('6d5eb968-8e68-5854-9217-37f2bfa63e2a', clock_timestamp(), '00000000-0000-0000-0000-000000000000', 'Fasting', 'https://loglyimages.s3.us-east-2.amazonaws.com/icons8-fasting-128(-xxxhdpi).png', 593, '1b5f4957-2ddd-5436-ad72-f6f6361f2762'),
  ('3a3deee4-6766-5178-be97-6916a180aa12', clock_timestamp(), '00000000-0000-0000-0000-000000000000', 'Food Restriction', 'https://loglyimages.s3.us-east-2.amazonaws.com/icons8-fasting-128(-xxxhdpi).png', 594, '1b5f4957-2ddd-5436-ad72-f6f6361f2762'),
  ('c2893078-8839-5764-9608-c9aa0a366137', clock_timestamp(), '00000000-0000-0000-0000-000000000000', 'Liver Cleanse', 'https://loglyimages.s3.us-east-2.amazonaws.com/icons8-mate-100.png', 595, '1b5f4957-2ddd-5436-ad72-f6f6361f2762'),
  ('7ab0ac6e-d114-50c4-b59a-ed3b4ded42ae', clock_timestamp(), '00000000-0000-0000-0000-000000000000', 'Juice Cleanse', 'https://loglyimages.s3.us-east-2.amazonaws.com/icons8-mate-100.png', 596, '1b5f4957-2ddd-5436-ad72-f6f6361f2762'),
  ('65ff1eb8-78c3-5865-ad9b-d85cb7c879f5', clock_timestamp(), '00000000-0000-0000-0000-000000000000', 'Total Cleanse', 'https://loglyimages.s3.us-east-2.amazonaws.com/icons8-mate-100.png', 597, '1b5f4957-2ddd-5436-ad72-f6f6361f2762'),
  ('13d3a6e1-0783-50d8-89ea-5c69e2639bab', clock_timestamp(), '00000000-0000-0000-0000-000000000000', 'Master Cleanse', 'https://loglyimages.s3.us-east-2.amazonaws.com/icons8-mate-100.png', 598, '1b5f4957-2ddd-5436-ad72-f6f6361f2762'),
  ('803898b3-021f-584f-95d0-95774bf34bf7', clock_timestamp(), '00000000-0000-0000-0000-000000000000', 'Colon Cleanse', 'https://loglyimages.s3.us-east-2.amazonaws.com/icons8-mate-100.png', 599, '1b5f4957-2ddd-5436-ad72-f6f6361f2762'),
  ('6eabdacc-7afb-5092-b363-85e880d164ca', clock_timestamp(), '00000000-0000-0000-0000-000000000000', 'Parasite Cleanse', 'https://loglyimages.s3.us-east-2.amazonaws.com/icons8-mate-100.png', 600, '1b5f4957-2ddd-5436-ad72-f6f6361f2762'),
  ('94969a6f-0600-5977-a82c-808e55e5ffb6', clock_timestamp(), '00000000-0000-0000-0000-000000000000', 'Foot Detox', 'https://loglyimages.s3.us-east-2.amazonaws.com/icons8-mate-100.png', 601, '1b5f4957-2ddd-5436-ad72-f6f6361f2762'),
  ('69c30ff4-d3c5-5b23-b44f-ba2f451928a2', clock_timestamp(), '00000000-0000-0000-0000-000000000000', 'Nasal Irrigation', 'https://loglyimages.s3.us-east-2.amazonaws.com/icons8-mate-100.png', 602, '1b5f4957-2ddd-5436-ad72-f6f6361f2762'),
  ('4de78e5f-1d4d-5158-9e27-b23a9e92726d', clock_timestamp(), '00000000-0000-0000-0000-000000000000', 'Oxygen Detox', 'https://loglyimages.s3.us-east-2.amazonaws.com/icons8-mate-100.png', 603, '1b5f4957-2ddd-5436-ad72-f6f6361f2762'),
  ('b6830d27-d6da-518b-a7a0-3a4d26e4eafd', clock_timestamp(), '00000000-0000-0000-0000-000000000000', 'C', 'https://loglyimages.s3.us-east-2.amazonaws.com/icons8-pills-60.png', 604, 'd9e31dca-a449-5cfd-854a-52ceeaa328ae'),
  ('fa8558cc-9c1a-5bfc-af64-51adf867ee90', clock_timestamp(), '00000000-0000-0000-0000-000000000000', 'D3', 'https://loglyimages.s3.us-east-2.amazonaws.com/icons8-pills-60.png', 605, 'd9e31dca-a449-5cfd-854a-52ceeaa328ae'),
  ('66b3e625-ee82-5328-aaed-cc3d6af2c248', clock_timestamp(), '00000000-0000-0000-0000-000000000000', 'Omega-3', 'https://loglyimages.s3.us-east-2.amazonaws.com/icons8-pills-60.png', 606, 'd9e31dca-a449-5cfd-854a-52ceeaa328ae'),
  ('2cae5f27-64d5-537a-b28b-0f80a21d50d9', clock_timestamp(), '00000000-0000-0000-0000-000000000000', 'A', 'https://loglyimages.s3.us-east-2.amazonaws.com/icons8-pills-60.png', 607, 'd9e31dca-a449-5cfd-854a-52ceeaa328ae'),
  ('a0422725-d000-53e7-8b2f-a38ffe000572', clock_timestamp(), '00000000-0000-0000-0000-000000000000', 'B-12', 'https://loglyimages.s3.us-east-2.amazonaws.com/icons8-pills-60.png', 608, 'd9e31dca-a449-5cfd-854a-52ceeaa328ae'),
  ('f9ca40b8-14cd-5e69-92a9-c8ce87c0824a', clock_timestamp(), '00000000-0000-0000-0000-000000000000', 'Co-Q10', 'https://loglyimages.s3.us-east-2.amazonaws.com/icons8-pills-60.png', 609, 'd9e31dca-a449-5cfd-854a-52ceeaa328ae'),
  ('2bbc1d49-154e-5192-88f8-8f9eb35b3523', clock_timestamp(), '00000000-0000-0000-0000-000000000000', 'Calcium', 'https://loglyimages.s3.us-east-2.amazonaws.com/icons8-pills-60.png', 610, 'd9e31dca-a449-5cfd-854a-52ceeaa328ae'),
  ('d00571d5-813b-5d7b-af08-00e9e9c78bac', clock_timestamp(), '00000000-0000-0000-0000-000000000000', 'Magnesium', 'https://loglyimages.s3.us-east-2.amazonaws.com/icons8-pills-60.png', 611, 'd9e31dca-a449-5cfd-854a-52ceeaa328ae'),
  ('443658f2-5584-5c3a-93f0-66a54eccda30', clock_timestamp(), '00000000-0000-0000-0000-000000000000', 'HASfit', 'https://loglyimages.s3.us-east-2.amazonaws.com/icons8-exercise-50.png', 612, '6e0d91f2-49dd-5018-896f-681a212cd475'),
  ('442891e2-6be3-53e0-a884-14c103fa54ed', clock_timestamp(), '00000000-0000-0000-0000-000000000000', 'Tonal', 'https://loglyimages.s3.us-east-2.amazonaws.com/icons8-crossfit-50.png', 613, '370dc58b-3eb5-5f50-a1e3-36a14e563576'),
  ('9de31b1f-e94e-5c2c-af9c-06c071a8193c', clock_timestamp(), '00000000-0000-0000-0000-000000000000', 'Steam', 'https://loglyimages.s3.us-east-2.amazonaws.com/icons8-jacuzzi-100.png', 614, '761cee39-9bea-5f2a-81ff-909e722d54e5'),
  ('81ed759f-88ce-5325-8841-706550ec9d07', clock_timestamp(), '00000000-0000-0000-0000-000000000000', 'Sauna', 'https://loglyimages.s3.us-east-2.amazonaws.com/icons8-jacuzzi-100.png', 615, '761cee39-9bea-5f2a-81ff-909e722d54e5'),
  ('15b587ce-13a4-51a1-9848-fdcfbf6ede58', clock_timestamp(), '00000000-0000-0000-0000-000000000000', 'High Ride', 'https://loglyimages.s3.us-east-2.amazonaws.com/icons8-cycling-50.png', 616, '8870faea-30d4-52db-9659-8c75a0ba9ce3'),
  ('2e31e0bc-6fd4-56b2-a1f3-17f13cd03072', clock_timestamp(), '00000000-0000-0000-0000-000000000000', 'Costco', 'https://loglyimages.s3.us-east-2.amazonaws.com/icons8-cash-register-90.png', 617, 'c86bc0da-4ef1-5d35-8daf-7564339102cf'),
  ('423c1ca5-f79c-5ac9-bc1d-377b1683663a', clock_timestamp(), '00000000-0000-0000-0000-000000000000', 'Walmart', 'https://loglyimages.s3.us-east-2.amazonaws.com/icons8-cash-register-90.png', 618, 'c86bc0da-4ef1-5d35-8daf-7564339102cf'),
  ('5e11c11c-c22b-52b5-a5ef-6436e8dcb7cf', clock_timestamp(), '00000000-0000-0000-0000-000000000000', 'Target', 'https://loglyimages.s3.us-east-2.amazonaws.com/icons8-cash-register-90.png', 619, 'c86bc0da-4ef1-5d35-8daf-7564339102cf'),
  ('518084ea-9aab-5388-9993-3bd8b3b67c62', clock_timestamp(), '00000000-0000-0000-0000-000000000000', 'Aldi', 'https://loglyimages.s3.us-east-2.amazonaws.com/icons8-cash-register-90.png', 620, 'c86bc0da-4ef1-5d35-8daf-7564339102cf'),
  ('f1e0b1fb-145f-5547-8043-e685048bda44', clock_timestamp(), '00000000-0000-0000-0000-000000000000', 'Sam''s Club', 'https://loglyimages.s3.us-east-2.amazonaws.com/icons8-cash-register-90.png', 621, 'c86bc0da-4ef1-5d35-8daf-7564339102cf'),
  ('3c223df8-d1dc-5c38-8094-f3c9a3a3cdd4', clock_timestamp(), '00000000-0000-0000-0000-000000000000', 'Mall', 'https://loglyimages.s3.us-east-2.amazonaws.com/icons8-cash-register-90.png', 622, 'c86bc0da-4ef1-5d35-8daf-7564339102cf'),
  ('7812de01-7aeb-5e2c-9457-d44304e2ccbf', clock_timestamp(), '00000000-0000-0000-0000-000000000000', 'Dick''s Sporting Goods', 'https://loglyimages.s3.us-east-2.amazonaws.com/icons8-cash-register-90.png', 623, 'c86bc0da-4ef1-5d35-8daf-7564339102cf'),
  ('dc3de16e-928f-555a-b8ac-089a66cc57f0', clock_timestamp(), '00000000-0000-0000-0000-000000000000', 'Best Buy', 'https://loglyimages.s3.us-east-2.amazonaws.com/icons8-cash-register-90.png', 624, 'c86bc0da-4ef1-5d35-8daf-7564339102cf'),
  ('92c7b761-e68a-55f8-ab94-06cd45b24ed9', clock_timestamp(), '00000000-0000-0000-0000-000000000000', 'Michael''s', 'https://loglyimages.s3.us-east-2.amazonaws.com/icons8-cash-register-90.png', 625, 'c86bc0da-4ef1-5d35-8daf-7564339102cf'),
  ('86e62979-241d-565e-9ead-16761337f5a4', clock_timestamp(), '00000000-0000-0000-0000-000000000000', 'Amazon', 'https://loglyimages.s3.us-east-2.amazonaws.com/icons8-cash-register-90.png', 626, 'c86bc0da-4ef1-5d35-8daf-7564339102cf'),
  ('c966eca6-3d56-5a1f-b341-1d30e442c0d1', clock_timestamp(), '00000000-0000-0000-0000-000000000000', 'Home Depot', 'https://loglyimages.s3.us-east-2.amazonaws.com/icons8-cash-register-90.png', 627, 'c86bc0da-4ef1-5d35-8daf-7564339102cf'),
  ('b58b1b76-073b-56d2-91de-dd5f1cd82814', clock_timestamp(), '00000000-0000-0000-0000-000000000000', 'Lowe''s', 'https://loglyimages.s3.us-east-2.amazonaws.com/icons8-cash-register-90.png', 628, 'c86bc0da-4ef1-5d35-8daf-7564339102cf'),
  ('ba082aa6-30b2-59e0-b7fb-2610cc349676', clock_timestamp(), '00000000-0000-0000-0000-000000000000', 'Meijer', 'https://loglyimages.s3.us-east-2.amazonaws.com/icons8-cash-register-90.png', 629, 'c86bc0da-4ef1-5d35-8daf-7564339102cf'),
  ('58974238-8220-501a-96f3-3c2cd190dd23', clock_timestamp(), '00000000-0000-0000-0000-000000000000', 'Kroger', 'https://loglyimages.s3.us-east-2.amazonaws.com/icons8-cash-register-90.png', 630, 'c86bc0da-4ef1-5d35-8daf-7564339102cf'),
  ('8ccac686-dc5f-56d5-96b1-efe42a85a7cd', clock_timestamp(), '00000000-0000-0000-0000-000000000000', 'Recumbent', 'https://loglyimages.s3.us-east-2.amazonaws.com/icons8-cycling-50.png', 631, '8870faea-30d4-52db-9659-8c75a0ba9ce3'),
  ('0ed0cb65-fbb5-5d96-ba07-d7f9e4825021', clock_timestamp(), '00000000-0000-0000-0000-000000000000', 'Alchemy365', 'https://loglyimages.s3.us-east-2.amazonaws.com/icons8-exercise-50.png', 632, '6e0d91f2-49dd-5018-896f-681a212cd475');

insert into activity_detail(created_by, activity_id, label, activity_detail_type, sort_order)
select '00000000-0000-0000-0000-000000000000', activity_id, 'Environment', 'environment', 10
from activity
where legacy_id in (4,5,6,7,8,9,10,11,12,14,15,18,19,22,24,25,26,27,28,29,30,31,32,34,35,37,39,42,43,44,45,47,55,61,62,63,64,66,83,95,99,102,327,335,354,356,387,471,473,475,478,510,514,539);

insert into activity_detail(created_by, activity_id, label, activity_detail_type, sort_order, min_numeric, max_numeric, slider_interval) values
  ('00000000-0000-0000-0000-000000000000', '58859c56-9464-5305-a374-c66656834d1a', 'Count', 'integer', 20, 0, 10000, 1),
  ('00000000-0000-0000-0000-000000000000', '5ca919b2-5b4d-59c5-ba55-fd509a9bdef0', 'Count', 'integer', 20, 0, 20000, 1),
  ('00000000-0000-0000-0000-000000000000', 'c9537d01-0d7c-53fa-a9ed-54781075a22d', 'Count', 'integer', 20, 0, 200, 1),
  ('00000000-0000-0000-0000-000000000000', '8a0ea615-9f6c-5f96-a916-1a112329d279', 'Count', 'integer', 20, 0, 10, 1),
  ('00000000-0000-0000-0000-000000000000', '8aacc13b-574f-5b50-9d7a-63c1b6d79377', 'Count', 'integer', 20, 0, 18, 1),
  ('00000000-0000-0000-0000-000000000000', '8ca4de14-b3b3-5556-b1a9-7572068c1d7c', 'Count', 'integer', 20, 0, 20, 1),
  ('00000000-0000-0000-0000-000000000000', 'd9ef5357-3864-5284-ae46-c3fc9b014810', 'Count', 'integer', 20, 0, 10, 1),
  ('00000000-0000-0000-0000-000000000000', '81854450-6c8a-5b99-8ed1-b90124b0cb85', 'Count', 'integer', 20, 0, 500, 1);

insert into activity_detail(created_by, activity_id, label, activity_detail_type, sort_order, min_weight_in_kilograms, max_weight_in_kilograms, slider_interval, metric_uom, imperial_uom) values
  ('00000000-0000-0000-0000-000000000000', '9f2bdd86-8380-5a79-a426-d0c0061b7aca', 'Weight', 'weight', 30, 0, 181, 0.1, 'kilograms', 'pounds');

insert into activity_detail(created_by, activity_id, label, activity_detail_type, sort_order, min_liquid_volume_in_liters, max_liquid_volume_in_liters, slider_interval, metric_uom, imperial_uom) values
  ('00000000-0000-0000-0000-000000000000', 'c179cbf7-e7dc-5c61-b468-e3ad7563f2d9', 'Volume', 'liquidVolume', 40, 0, 7.39, 1, 'milliliters', 'fluidOunces');

insert into activity_detail(created_by, activity_id, label, activity_detail_type, sort_order, min_duration_in_sec, max_duration_in_sec, slider_interval) values
  ('00000000-0000-0000-0000-000000000000', '13d13031-dffb-5e15-87dc-1e842435b1a5', 'Duration', 'duration', 50, 0, 10800, 60),
  ('00000000-0000-0000-0000-000000000000', '0ede326d-522d-53f5-ae0e-7540b0816e77', 'Duration', 'duration', 50, 0, 10800, 60),
  ('00000000-0000-0000-0000-000000000000', '824d20db-cc0f-507d-9838-962633f460c2', 'Duration', 'duration', 50, 0, 10800, 60),
  ('00000000-0000-0000-0000-000000000000', '19d30981-bc86-545c-97e4-53d1a3db2313', 'Duration', 'duration', 50, 0, 10800, 60),
  ('00000000-0000-0000-0000-000000000000', '07131afc-bdd1-5040-9eef-f636dc56d11b', 'Duration', 'duration', 50, 0, 10800, 60),
  ('00000000-0000-0000-0000-000000000000', '68e96e11-96c8-5cc2-b8b0-9a4529fdfe98', 'Duration', 'duration', 50, 0, 10800, 60),
  ('00000000-0000-0000-0000-000000000000', '925a01b6-d9c1-5908-bdd1-6b460f414db5', 'Duration', 'duration', 50, 0, 10800, 60),
  ('00000000-0000-0000-0000-000000000000', '8870faea-30d4-52db-9659-8c75a0ba9ce3', 'Duration', 'duration', 50, 0, 10800, 60),
  ('00000000-0000-0000-0000-000000000000', '45f7c242-baab-5cba-be1c-8d96ea98a471', 'Duration', 'duration', 50, 0, 10800, 60),
  ('00000000-0000-0000-0000-000000000000', '6e0d91f2-49dd-5018-896f-681a212cd475', 'Duration', 'duration', 50, 0, 10800, 60),
  ('00000000-0000-0000-0000-000000000000', 'bce5b280-977d-543f-b56d-20b1e3b3bc2f', 'Duration', 'duration', 50, 0, 18000, 60),
  ('00000000-0000-0000-0000-000000000000', '58859c56-9464-5305-a374-c66656834d1a', 'Duration', 'duration', 50, 0, 10800, 60),
  ('00000000-0000-0000-0000-000000000000', 'fdc943fb-b2db-50f9-9622-97f61072cc50', 'Duration', 'duration', 50, 0, 10800, 60),
  ('00000000-0000-0000-0000-000000000000', '14447054-b475-51ba-bb70-d394bccf9044', 'Duration', 'duration', 50, 0, 10800, 60),
  ('00000000-0000-0000-0000-000000000000', '815db158-0e6a-5d40-b54f-365cae33cbb5', 'Duration', 'duration', 50, 0, 10800, 60),
  ('00000000-0000-0000-0000-000000000000', '0b43c0a1-9849-5f47-b11e-2f2aed897e49', 'Duration', 'duration', 50, 0, 10800, 60),
  ('00000000-0000-0000-0000-000000000000', 'c4fc9dfa-b272-5476-926d-524f4b19964f', 'Duration', 'duration', 50, 0, 1800, 60),
  ('00000000-0000-0000-0000-000000000000', '50e07fb4-e6bb-5193-b70b-db56b94e1a3c', 'Duration', 'duration', 50, 0, 10800, 60),
  ('00000000-0000-0000-0000-000000000000', '5ca919b2-5b4d-59c5-ba55-fd509a9bdef0', 'Duration', 'duration', 50, 0, 10800, 60),
  ('00000000-0000-0000-0000-000000000000', '1bd92b1c-1c91-537c-938e-9a0243bff017', 'Duration', 'duration', 50, 0, 1800, 60),
  ('00000000-0000-0000-0000-000000000000', 'ccbdf98f-cddb-5242-a68b-ce69fc0880c8', 'Duration', 'duration', 50, 0, 7200, 60),
  ('00000000-0000-0000-0000-000000000000', '647223e3-ff67-597d-bea4-6b188ea08872', 'Duration', 'duration', 50, 0, 10800, 60),
  ('00000000-0000-0000-0000-000000000000', 'dd424672-11e2-5f5a-a695-f84ecdb17251', 'Duration', 'duration', 50, 0, 10800, 60),
  ('00000000-0000-0000-0000-000000000000', 'a67e680e-460a-5941-9fa8-56bf5a2ebce6', 'Duration', 'duration', 50, 0, 10800, 60),
  ('00000000-0000-0000-0000-000000000000', '7f4c9d8f-91f3-5e0e-8f0c-c63d79e59bec', 'Duration', 'duration', 50, 0, 10800, 60),
  ('00000000-0000-0000-0000-000000000000', '370dc58b-3eb5-5f50-a1e3-36a14e563576', 'Duration', 'duration', 50, 0, 10800, 60),
  ('00000000-0000-0000-0000-000000000000', '3eb52427-efb7-5e5c-a672-12bbf796b6fb', 'Duration', 'duration', 50, 0, 10800, 60),
  ('00000000-0000-0000-0000-000000000000', 'd092d4fc-ea8d-58ca-971e-c5a6c65acee2', 'Duration', 'duration', 50, 0, 10800, 60),
  ('00000000-0000-0000-0000-000000000000', 'b420c46c-5e91-5171-b308-089d1d068d06', 'Duration', 'duration', 50, 0, 10800, 60),
  ('00000000-0000-0000-0000-000000000000', '45cbe4d6-2b12-53f3-90cc-cd8f5da3442c', 'Duration', 'duration', 50, 0, 10800, 60),
  ('00000000-0000-0000-0000-000000000000', 'c5945008-4078-5293-8c7f-d9d25da915bb', 'Duration', 'duration', 50, 0, 10800, 60),
  ('00000000-0000-0000-0000-000000000000', '22a91a4a-61b8-5686-b0a5-aaf5f7b265a4', 'Duration', 'duration', 50, 0, 10800, 60),
  ('00000000-0000-0000-0000-000000000000', '3bee367c-f6b6-5dae-bda4-2e3813ab0ce5', 'Duration', 'duration', 50, 0, 10800, 60),
  ('00000000-0000-0000-0000-000000000000', '11a8adb4-16a2-5cfe-9412-f583056b72d1', 'Duration', 'duration', 50, 0, 10800, 60),
  ('00000000-0000-0000-0000-000000000000', '182a8a16-1618-51a4-86b8-c5481f52f787', 'Duration', 'duration', 50, 0, 10800, 60),
  ('00000000-0000-0000-0000-000000000000', '100073e3-fcb1-5cc9-9598-7f3dd859758d', 'Duration', 'duration', 50, 0, 10800, 60),
  ('00000000-0000-0000-0000-000000000000', '0c5f4897-609c-59df-b938-8aaa7cc1176d', 'Duration', 'duration', 50, 0, 10800, 60),
  ('00000000-0000-0000-0000-000000000000', 'a42c4d0a-dd38-5fa0-acd3-7692f4f8388a', 'Duration', 'duration', 50, 0, 10800, 60),
  ('00000000-0000-0000-0000-000000000000', '450bb979-7a8e-569b-b6b7-0ba5fec9ba53', 'Duration', 'duration', 50, 0, 10800, 60),
  ('00000000-0000-0000-0000-000000000000', '0898b4a2-fa32-544a-b5ca-eb87ac0d675a', 'Duration', 'duration', 50, 0, 10800, 60),
  ('00000000-0000-0000-0000-000000000000', '45da7e21-ae98-57e2-9207-ab7862b658d9', 'Duration', 'duration', 50, 0, 10800, 60),
  ('00000000-0000-0000-0000-000000000000', '2b1ab2d6-641d-57e3-a2d4-bc3ab26a9b68', 'Duration', 'duration', 50, 0, 10800, 60),
  ('00000000-0000-0000-0000-000000000000', '396d1850-fcf8-59fe-93fe-85b5b8dc8dc5', 'Duration', 'duration', 50, 0, 10800, 60),
  ('00000000-0000-0000-0000-000000000000', 'f0bf16c1-8419-5a14-ae5b-dc9cc79f8f1e', 'Duration', 'duration', 50, 0, 10800, 60),
  ('00000000-0000-0000-0000-000000000000', '6b22ab7a-7f9d-5bed-9ff8-d6406809a421', 'Duration', 'duration', 50, 0, 10800, 60),
  ('00000000-0000-0000-0000-000000000000', 'ae9673db-b72e-57cd-a542-74369fc86753', 'Duration', 'duration', 50, 0, 10800, 60),
  ('00000000-0000-0000-0000-000000000000', '3bc8434b-7fcc-5403-b679-f5356116f329', 'Duration', 'duration', 50, 0, 10800, 60),
  ('00000000-0000-0000-0000-000000000000', 'c07b4ff9-a962-5267-b41e-5d667d199661', 'Duration', 'duration', 50, 0, 10800, 60),
  ('00000000-0000-0000-0000-000000000000', '00c95925-b8fb-5451-be92-378bd428a20a', 'Duration', 'duration', 50, 0, 10800, 60),
  ('00000000-0000-0000-0000-000000000000', 'e8791fb3-bbcc-57e6-8371-b8d1eff192fa', 'Duration', 'duration', 50, 0, 32400, 60),
  ('00000000-0000-0000-0000-000000000000', '2f51aad2-bc70-58fe-9891-fe06df4cb885', 'Duration', 'duration', 50, 0, 32400, 60),
  ('00000000-0000-0000-0000-000000000000', 'efbdbb4f-71e0-5e1b-b0eb-5d706cbcea36', 'Duration', 'duration', 50, 0, 10800, 60),
  ('00000000-0000-0000-0000-000000000000', 'd8716c0a-ba51-5b49-8bd1-43a601a8b018', 'Duration', 'duration', 50, 0, 10800, 60),
  ('00000000-0000-0000-0000-000000000000', '1574a40d-17b1-5331-982e-d1c7d808420b', 'Duration', 'duration', 50, 0, 10800, 60),
  ('00000000-0000-0000-0000-000000000000', 'deb94022-33d7-5020-aa86-ca2efc86aa23', 'Duration', 'duration', 50, 0, 10800, 60),
  ('00000000-0000-0000-0000-000000000000', 'e9e5d45a-1e33-5803-8614-ee2dd87ce8f2', 'Duration', 'duration', 50, 0, 10800, 60),
  ('00000000-0000-0000-0000-000000000000', '1bc4d2ee-df42-5f55-ad54-bbee92af6137', 'Duration', 'duration', 50, 0, 10800, 60),
  ('00000000-0000-0000-0000-000000000000', 'c67f6787-3818-52f1-8094-49f25135337b', 'Duration', 'duration', 50, 0, 10800, 60),
  ('00000000-0000-0000-0000-000000000000', 'ab7b3e31-0081-513c-87d0-4dd24a19a48c', 'Duration', 'duration', 50, 0, 10800, 60),
  ('00000000-0000-0000-0000-000000000000', 'b0d1e637-4c98-5b36-8eda-46420190dda2', 'Duration', 'duration', 50, 0, 10800, 60),
  ('00000000-0000-0000-0000-000000000000', 'ddf32b33-d9ae-5b87-95f2-0a0c67f87c64', 'Duration', 'duration', 50, 0, 10800, 60),
  ('00000000-0000-0000-0000-000000000000', 'c9537d01-0d7c-53fa-a9ed-54781075a22d', 'Duration', 'duration', 50, 0, 21600, 60),
  ('00000000-0000-0000-0000-000000000000', '6e7bf28d-1dd2-5240-8ce4-a9fa1270047e', 'Duration', 'duration', 50, 0, 10800, 60),
  ('00000000-0000-0000-0000-000000000000', 'cd2deb67-060b-513a-a584-5dc329b61681', 'Duration', 'duration', 50, 0, 10800, 60),
  ('00000000-0000-0000-0000-000000000000', '527e3c27-bdd5-5df6-8cee-2310ca802366', 'Duration', 'duration', 50, 0, 10800, 60),
  ('00000000-0000-0000-0000-000000000000', 'c5a630d8-c585-5c19-bbc7-604dbcb74334', 'Duration', 'duration', 50, 0, 10800, 60),
  ('00000000-0000-0000-0000-000000000000', '19aca369-c8e0-5046-b343-eae74e1bc383', 'Duration', 'duration', 50, 0, 10800, 60),
  ('00000000-0000-0000-0000-000000000000', '2d1e0bcd-10fb-56d5-a37c-065535d6b695', 'Duration', 'duration', 50, 0, 10800, 60),
  ('00000000-0000-0000-0000-000000000000', 'd6741f30-2a15-57e8-bcbb-c58a913ecb15', 'Duration', 'duration', 50, 0, 10800, 60),
  ('00000000-0000-0000-0000-000000000000', 'd1376acf-b83a-50b7-a520-a6c90dcdecfd', 'Duration', 'duration', 50, 0, 10800, 60),
  ('00000000-0000-0000-0000-000000000000', '1a359ccd-a5d2-57fc-8dc1-91a57bcb7009', 'Duration', 'duration', 50, 0, 10800, 60),
  ('00000000-0000-0000-0000-000000000000', 'b57cf1ea-e4f4-5371-b6b5-cda5502fb173', 'Duration', 'duration', 50, 0, 43200, 60),
  ('00000000-0000-0000-0000-000000000000', 'd30c2ded-d48d-5e0e-bee1-80244f8b193d', 'Duration', 'duration', 50, 0, 10800, 60),
  ('00000000-0000-0000-0000-000000000000', 'a1629b84-7e9d-5969-a5d6-2748be284a7e', 'Duration', 'duration', 50, 0, 10800, 60),
  ('00000000-0000-0000-0000-000000000000', '8e6f6878-926f-545d-a5df-18414e836beb', 'Duration', 'duration', 50, 0, 10800, 60),
  ('00000000-0000-0000-0000-000000000000', '420439f2-d1c7-5ec4-a3cb-60bdf40e1376', 'Duration', 'duration', 50, 0, 10800, 60),
  ('00000000-0000-0000-0000-000000000000', 'b629d3bc-c943-5a7e-bd8b-030f11a3e507', 'Duration', 'duration', 50, 0, 10800, 60),
  ('00000000-0000-0000-0000-000000000000', '4bcdf28d-03db-59e7-b731-e2ed13e4c45d', 'Duration', 'duration', 50, 0, 10800, 60),
  ('00000000-0000-0000-0000-000000000000', '0c932ba7-d9c7-5193-99e9-f62a7aa5cb70', 'Duration', 'duration', 50, 0, 600, 60),
  ('00000000-0000-0000-0000-000000000000', '316fac7f-4c2d-5c44-9c2a-f5a7473311c3', 'Duration', 'duration', 50, 0, 10800, 60),
  ('00000000-0000-0000-0000-000000000000', 'ae96404a-d01e-5d4a-a294-ffc8bffac986', 'Duration', 'duration', 50, 0, 10800, 60),
  ('00000000-0000-0000-0000-000000000000', '20f197d8-38e9-562b-ad1d-0ae6d2304963', 'Duration', 'duration', 50, 0, 10800, 60),
  ('00000000-0000-0000-0000-000000000000', 'f1da5f9b-e9f3-5dd8-a371-c17b21b51e33', 'Duration', 'duration', 50, 0, 10800, 60),
  ('00000000-0000-0000-0000-000000000000', '80625daf-e32d-50d1-8bf7-440522bcfee9', 'Duration', 'duration', 50, 0, 10800, 60),
  ('00000000-0000-0000-0000-000000000000', '8aacc13b-574f-5b50-9d7a-63c1b6d79377', 'Duration', 'duration', 50, 0, 10800, 60),
  ('00000000-0000-0000-0000-000000000000', '6f64bdd9-4325-555f-bb04-5971164a883d', 'Duration', 'duration', 50, 0, 10800, 60),
  ('00000000-0000-0000-0000-000000000000', '8666c655-8971-53c4-81c9-31d4bb6288bd', 'Duration', 'duration', 50, 0, 10800, 60),
  ('00000000-0000-0000-0000-000000000000', '3beadadb-24d8-5391-a7be-9b882467cbd3', 'Duration', 'duration', 50, 0, 18000, 60),
  ('00000000-0000-0000-0000-000000000000', 'a308068e-8f1e-5528-b1de-885a0938484c', 'Duration', 'duration', 50, 0, 10800, 60),
  ('00000000-0000-0000-0000-000000000000', '03c51603-8b49-5a19-aed1-98b1bf0d8e30', 'Duration', 'duration', 50, 0, 10800, 60),
  ('00000000-0000-0000-0000-000000000000', '0b7bddd5-4541-59eb-a0b7-23cf6bcb4d47', 'Duration', 'duration', 50, 0, 10800, 60),
  ('00000000-0000-0000-0000-000000000000', 'e21fe419-ef94-5939-bbe5-d9a6e12b24d7', 'Duration', 'duration', 50, 0, 10800, 60),
  ('00000000-0000-0000-0000-000000000000', 'e608ee38-c8ca-5384-bd0f-54a32ddfafd5', 'Duration', 'duration', 50, 0, 10800, 60),
  ('00000000-0000-0000-0000-000000000000', 'a23b5067-a94c-50f8-a2ba-ab29ec7c3b8d', 'Duration', 'duration', 50, 0, 10800, 60),
  ('00000000-0000-0000-0000-000000000000', 'fb1ae6ce-63e5-5b31-be56-15bfe56f8f17', 'Duration', 'duration', 50, 0, 10800, 60),
  ('00000000-0000-0000-0000-000000000000', 'ad172d5b-e28b-5e3e-bb6f-46311cd19680', 'Duration', 'duration', 50, 0, 10800, 60),
  ('00000000-0000-0000-0000-000000000000', '0565bdfc-51a5-54df-b83c-fb2baf12a305', 'Duration', 'duration', 50, 0, 18000, 60),
  ('00000000-0000-0000-0000-000000000000', 'ed9e0e06-9618-5649-8435-9fea1c970a16', 'Duration', 'duration', 50, 0, 10800, 60),
  ('00000000-0000-0000-0000-000000000000', '761cee39-9bea-5f2a-81ff-909e722d54e5', 'Duration', 'duration', 50, 0, 10800, 60),
  ('00000000-0000-0000-0000-000000000000', 'fafb3063-75ef-5fcb-ad22-39304ac04893', 'Duration', 'duration', 50, 0, 240, 60),
  ('00000000-0000-0000-0000-000000000000', '881d88f7-d2ef-56a6-9022-9603eaeb31fc', 'Duration', 'duration', 50, 0, 10800, 60),
  ('00000000-0000-0000-0000-000000000000', '139073e1-66d0-5e84-b5f8-016bb4b930cd', 'Duration', 'duration', 50, 0, 3600, 60),
  ('00000000-0000-0000-0000-000000000000', '32bba106-55e2-507a-bd07-59ab3d486847', 'Duration', 'duration', 50, 0, 10800, 60),
  ('00000000-0000-0000-0000-000000000000', 'e9f22822-2d8c-56e5-be8a-f749176ac62d', 'Duration', 'duration', 50, 0, 10800, 60),
  ('00000000-0000-0000-0000-000000000000', 'fbc2ee1c-6939-558f-a080-624876e7b567', 'Duration', 'duration', 50, 0, 10800, 60),
  ('00000000-0000-0000-0000-000000000000', '3efaf8be-0564-551c-ba2b-1d6aacdba0b2', 'Duration', 'duration', 50, 0, 10800, 60),
  ('00000000-0000-0000-0000-000000000000', 'a3b4e90d-6e1f-57e0-befd-95303617441b', 'Duration', 'duration', 50, 0, 3600, 60),
  ('00000000-0000-0000-0000-000000000000', '0db07e3f-6451-5ba1-9e18-c8330fe70098', 'Duration', 'duration', 50, 0, 10800, 60),
  ('00000000-0000-0000-0000-000000000000', '8d14b250-6fbd-53dc-960f-1d6830344ac9', 'Duration', 'duration', 50, 0, 10800, 60),
  ('00000000-0000-0000-0000-000000000000', '8e705df7-86e6-53f4-992a-3eb62beecd13', 'Duration', 'duration', 50, 0, 32400, 60),
  ('00000000-0000-0000-0000-000000000000', '922a95c6-b479-5f44-af44-228d078fe4c5', 'Duration', 'duration', 50, 0, 10800, 60),
  ('00000000-0000-0000-0000-000000000000', '104d5448-7afb-5efe-9da6-7b47f11748dc', 'Duration', 'duration', 50, 0, 10800, 60),
  ('00000000-0000-0000-0000-000000000000', '81854450-6c8a-5b99-8ed1-b90124b0cb85', 'Duration', 'duration', 50, 0, 10800, 60),
  ('00000000-0000-0000-0000-000000000000', '44dea516-7df1-5636-b5f4-c5ffb8c033d7', 'Duration', 'duration', 50, 0, 10800, 60),
  ('00000000-0000-0000-0000-000000000000', '85e20d41-12d7-5e78-8ea7-d4c705e8ec4d', 'Duration', 'duration', 50, 0, 10800, 60),
  ('00000000-0000-0000-0000-000000000000', 'e69abe3c-4380-5123-b26c-069e08228b8d', 'Duration', 'duration', 50, 0, 10800, 60),
  ('00000000-0000-0000-0000-000000000000', 'c7c06888-4e15-5512-8d1e-309adf04d6b3', 'Duration', 'duration', 50, 0, 10800, 60),
  ('00000000-0000-0000-0000-000000000000', 'ddcd36b7-b90a-59b5-9987-8a64edbef67c', 'Duration', 'duration', 50, 0, 10800, 60),
  ('00000000-0000-0000-0000-000000000000', '447ba779-1f8b-5f16-918e-77fd8b67f356', 'Duration', 'duration', 50, 0, 10800, 60),
  ('00000000-0000-0000-0000-000000000000', 'd3b5f485-9578-53b7-ac97-b5fb3df43bc7', 'Duration', 'duration', 50, 0, 10800, 60),
  ('00000000-0000-0000-0000-000000000000', '9e0e7ce1-c99d-517a-b6b5-e081be2d2222', 'Duration', 'duration', 50, 0, 10800, 60),
  ('00000000-0000-0000-0000-000000000000', '981aef3f-cf4c-5b6f-88b1-2660ad3dd679', 'Duration', 'duration', 50, 0, 3600, 60);

insert into activity_detail(created_by, activity_id, label, activity_detail_type, sort_order, min_distance_in_meters, max_distance_in_meters, slider_interval, metric_uom, imperial_uom) values
  ('00000000-0000-0000-0000-000000000000', '815db158-0e6a-5d40-b54f-365cae33cbb5', 'Distance', 'distance', 60, 0, 20000, 0.1, 'meters', 'yards'),
  ('00000000-0000-0000-0000-000000000000', '6f64bdd9-4325-555f-bb04-5971164a883d', 'Distance', 'distance', 60, 0, 5000, 0.1, 'meters', 'yards');

insert into activity_detail(created_by, activity_id, label, activity_detail_type, sort_order, min_distance_in_meters, max_distance_in_meters, slider_interval, metric_uom, imperial_uom) values
  ('00000000-0000-0000-0000-000000000000', '8870faea-30d4-52db-9659-8c75a0ba9ce3', 'Distance', 'distance', 60, 0, 50000, 0.1, 'kilometers', 'miles'),
  ('00000000-0000-0000-0000-000000000000', '45f7c242-baab-5cba-be1c-8d96ea98a471', 'Distance', 'distance', 60, 0, 50000, 0.1, 'kilometers', 'miles'),
  ('00000000-0000-0000-0000-000000000000', 'bce5b280-977d-543f-b56d-20b1e3b3bc2f', 'Distance', 'distance', 60, 0, 50000, 0.1, 'kilometers', 'miles'),
  ('00000000-0000-0000-0000-000000000000', '0b43c0a1-9849-5f47-b11e-2f2aed897e49', 'Distance', 'distance', 60, 0, 20000, 0.1, 'kilometers', 'miles'),
  ('00000000-0000-0000-0000-000000000000', '647223e3-ff67-597d-bea4-6b188ea08872', 'Distance', 'distance', 60, 0, 15000, 0.1, 'kilometers', 'miles'),
  ('00000000-0000-0000-0000-000000000000', '11a8adb4-16a2-5cfe-9412-f583056b72d1', 'Distance', 'distance', 60, 0, 10000, 0.1, 'kilometers', 'miles'),
  ('00000000-0000-0000-0000-000000000000', '2f51aad2-bc70-58fe-9891-fe06df4cb885', 'Distance', 'distance', 60, 0, 25000, 0.1, 'kilometers', 'miles'),
  ('00000000-0000-0000-0000-000000000000', '19aca369-c8e0-5046-b343-eae74e1bc383', 'Distance', 'distance', 60, 0, 15000, 0.1, 'kilometers', 'miles'),
  ('00000000-0000-0000-0000-000000000000', 'fb1ae6ce-63e5-5b31-be56-15bfe56f8f17', 'Distance', 'distance', 60, 0, 10000, 0.1, 'kilometers', 'miles'),
  ('00000000-0000-0000-0000-000000000000', '8e705df7-86e6-53f4-992a-3eb62beecd13', 'Distance', 'distance', 60, 0, 50000, 0.1, 'kilometers', 'miles'),
  ('00000000-0000-0000-0000-000000000000', '85e20d41-12d7-5e78-8ea7-d4c705e8ec4d', 'Distance', 'distance', 60, 0, 25000, 0.1, 'kilometers', 'miles');

insert into public.external_data_mapping (external_data_mapping_id, external_data_source, source_name, activity_id, sub_activity_id) values
  (uuid_generate_v5(uuid_ns_url(), 'mylogly.app/apple_google/AMERICAN_FOOTBALL'), 'apple_google', 'AMERICAN_FOOTBALL', '0898b4a2-fa32-544a-b5ca-eb87ac0d675a'::uuid, null),
  (uuid_generate_v5(uuid_ns_url(), 'mylogly.app/apple_google/ARCHERY'), 'apple_google', 'ARCHERY', '3eb52427-efb7-5e5c-a672-12bbf796b6fb'::uuid, null),
  (uuid_generate_v5(uuid_ns_url(), 'mylogly.app/apple_google/BADMINTON'), 'apple_google', 'BADMINTON', 'd092d4fc-ea8d-58ca-971e-c5a6c65acee2'::uuid, null),
  (uuid_generate_v5(uuid_ns_url(), 'mylogly.app/apple_google/BARRE'), 'apple_google', 'BARRE', '13d13031-dffb-5e15-87dc-1e842435b1a5'::uuid, null),
  (uuid_generate_v5(uuid_ns_url(), 'mylogly.app/apple_google/BASEBALL'), 'apple_google', 'BASEBALL', 'b420c46c-5e91-5171-b308-089d1d068d06'::uuid, null),
  (uuid_generate_v5(uuid_ns_url(), 'mylogly.app/apple_google/BASKETBALL'), 'apple_google', 'BASKETBALL', '45cbe4d6-2b12-53f3-90cc-cd8f5da3442c'::uuid, null),
  (uuid_generate_v5(uuid_ns_url(), 'mylogly.app/apple_google/BIKING'), 'apple_google', 'BIKING', '8870faea-30d4-52db-9659-8c75a0ba9ce3'::uuid, null),
  (uuid_generate_v5(uuid_ns_url(), 'mylogly.app/apple_google/BOWLING'), 'apple_google', 'BOWLING', 'c5945008-4078-5293-8c7f-d9d25da915bb'::uuid, null),
  (uuid_generate_v5(uuid_ns_url(), 'mylogly.app/apple_google/BOXING'), 'apple_google', 'BOXING', '0ede326d-522d-53f5-ae0e-7540b0816e77'::uuid, null),
  (uuid_generate_v5(uuid_ns_url(), 'mylogly.app/apple_google/CALISTHENICS'), 'apple_google', 'CALISTHENICS', '20f197d8-38e9-562b-ad1d-0ae6d2304963'::uuid, null),
  (uuid_generate_v5(uuid_ns_url(), 'mylogly.app/apple_google/CLIMBING'), 'apple_google', 'CLIMBING', '22a91a4a-61b8-5686-b0a5-aaf5f7b265a4'::uuid, null),
  (uuid_generate_v5(uuid_ns_url(), 'mylogly.app/apple_google/CORE_TRAINING'), 'apple_google', 'CORE_TRAINING', '07131afc-bdd1-5040-9eef-f636dc56d11b'::uuid, null),
  (uuid_generate_v5(uuid_ns_url(), 'mylogly.app/apple_google/CRICKET'), 'apple_google', 'CRICKET', '3bee367c-f6b6-5dae-bda4-2e3813ab0ce5'::uuid, null),
  (uuid_generate_v5(uuid_ns_url(), 'mylogly.app/apple_google/CROSS_COUNTRY_SKIING'), 'apple_google', 'CROSS_COUNTRY_SKIING', '11a8adb4-16a2-5cfe-9412-f583056b72d1'::uuid, null),
  (uuid_generate_v5(uuid_ns_url(), 'mylogly.app/apple_google/CROSS_TRAINING'), 'apple_google', 'CROSS_TRAINING', '68e96e11-96c8-5cc2-b8b0-9a4529fdfe98'::uuid, null),
  (uuid_generate_v5(uuid_ns_url(), 'mylogly.app/apple_google/CURLING'), 'apple_google', 'CURLING', '182a8a16-1618-51a4-86b8-c5481f52f787'::uuid, null),
  (uuid_generate_v5(uuid_ns_url(), 'mylogly.app/apple_google/DISC_SPORTS'), 'apple_google', 'DISC_SPORTS', '8aacc13b-574f-5b50-9d7a-63c1b6d79377'::uuid, null),
  (uuid_generate_v5(uuid_ns_url(), 'mylogly.app/apple_google/DOWNHILL_SKIING'), 'apple_google', 'DOWNHILL_SKIING', 'e8791fb3-bbcc-57e6-8371-b8d1eff192fa'::uuid, null),
  (uuid_generate_v5(uuid_ns_url(), 'mylogly.app/apple_google/ELLIPTICAL'), 'apple_google', 'ELLIPTICAL', '45f7c242-baab-5cba-be1c-8d96ea98a471'::uuid, null),
  (uuid_generate_v5(uuid_ns_url(), 'mylogly.app/apple_google/EQUESTRIAN_SPORTS'), 'apple_google', 'EQUESTRIAN_SPORTS', '0c5f4897-609c-59df-b938-8aaa7cc1176d'::uuid, null),
  (uuid_generate_v5(uuid_ns_url(), 'mylogly.app/apple_google/FENCING'), 'apple_google', 'FENCING', 'a42c4d0a-dd38-5fa0-acd3-7692f4f8388a'::uuid, null),
  (uuid_generate_v5(uuid_ns_url(), 'mylogly.app/apple_google/FISHING'), 'apple_google', 'FISHING', '450bb979-7a8e-569b-b6b7-0ba5fec9ba53'::uuid, null),
  (uuid_generate_v5(uuid_ns_url(), 'mylogly.app/apple_google/FITNESS_GAMING'), 'apple_google', 'FITNESS_GAMING', '3beadadb-24d8-5391-a7be-9b882467cbd3'::uuid, null),
  (uuid_generate_v5(uuid_ns_url(), 'mylogly.app/apple_google/FRISBEE_DISC'), 'apple_google', 'FRISBEE_DISC', '8aacc13b-574f-5b50-9d7a-63c1b6d79377'::uuid, null),
  (uuid_generate_v5(uuid_ns_url(), 'mylogly.app/apple_google/FUNCTIONAL_STRENGTH_TRAINING'), 'apple_google', 'FUNCTIONAL_STRENGTH_TRAINING', '370dc58b-3eb5-5f50-a1e3-36a14e563576'::uuid, null),
  (uuid_generate_v5(uuid_ns_url(), 'mylogly.app/apple_google/GOLF'), 'apple_google', 'GOLF', 'c9537d01-0d7c-53fa-a9ed-54781075a22d'::uuid, null),
  (uuid_generate_v5(uuid_ns_url(), 'mylogly.app/apple_google/GUIDED_BREATHING'), 'apple_google', 'GUIDED_BREATHING', '139073e1-66d0-5e84-b5f8-016bb4b930cd'::uuid, null),
  (uuid_generate_v5(uuid_ns_url(), 'mylogly.app/apple_google/GYMNASTICS'), 'apple_google', 'GYMNASTICS', '45da7e21-ae98-57e2-9207-ab7862b658d9'::uuid, null),
  (uuid_generate_v5(uuid_ns_url(), 'mylogly.app/apple_google/HANDBALL'), 'apple_google', 'HANDBALL', '2b1ab2d6-641d-57e3-a2d4-bc3ab26a9b68'::uuid, null),
  (uuid_generate_v5(uuid_ns_url(), 'mylogly.app/apple_google/HIGH_INTENSITY_INTERVAL_TRAINING'), 'apple_google', 'HIGH_INTENSITY_INTERVAL_TRAINING', '6e0d91f2-49dd-5018-896f-681a212cd475'::uuid, null),
  (uuid_generate_v5(uuid_ns_url(), 'mylogly.app/apple_google/HIKING'), 'apple_google', 'HIKING', 'bce5b280-977d-543f-b56d-20b1e3b3bc2f'::uuid, null),
  (uuid_generate_v5(uuid_ns_url(), 'mylogly.app/apple_google/HOCKEY'), 'apple_google', 'HOCKEY', '396d1850-fcf8-59fe-93fe-85b5b8dc8dc5'::uuid, null),
  (uuid_generate_v5(uuid_ns_url(), 'mylogly.app/apple_google/HUNTING'), 'apple_google', 'HUNTING', 'f0bf16c1-8419-5a14-ae5b-dc9cc79f8f1e'::uuid, null),
  (uuid_generate_v5(uuid_ns_url(), 'mylogly.app/apple_google/JUMP_ROPE'), 'apple_google', 'JUMP_ROPE', '58859c56-9464-5305-a374-c66656834d1a'::uuid, null),
  (uuid_generate_v5(uuid_ns_url(), 'mylogly.app/apple_google/KICKBOXING'), 'apple_google', 'KICKBOXING', 'fdc943fb-b2db-50f9-9622-97f61072cc50'::uuid, null),
  (uuid_generate_v5(uuid_ns_url(), 'mylogly.app/apple_google/LACROSSE'), 'apple_google', 'LACROSSE', '6b22ab7a-7f9d-5bed-9ff8-d6406809a421'::uuid, null),
  (uuid_generate_v5(uuid_ns_url(), 'mylogly.app/apple_google/MARTIAL_ARTS'), 'apple_google', 'MARTIAL_ARTS', 'ae9673db-b72e-57cd-a542-74369fc86753'::uuid, null),
  (uuid_generate_v5(uuid_ns_url(), 'mylogly.app/apple_google/MIXED_CARDIO'), 'apple_google', 'MIXED_CARDIO', '824d20db-cc0f-507d-9838-962633f460c2'::uuid, null),
  (uuid_generate_v5(uuid_ns_url(), 'mylogly.app/apple_google/PARAGLIDING'), 'apple_google', 'PARAGLIDING', '7d522063-e3ba-5416-bf0c-51dfa16a9757'::uuid, null),
  (uuid_generate_v5(uuid_ns_url(), 'mylogly.app/apple_google/PICKLEBALL'), 'apple_google', 'PICKLEBALL', '922a95c6-b479-5f44-af44-228d078fe4c5'::uuid, null),
  (uuid_generate_v5(uuid_ns_url(), 'mylogly.app/apple_google/PILATES'), 'apple_google', 'PILATES', '14447054-b475-51ba-bb70-d394bccf9044'::uuid, null),
  (uuid_generate_v5(uuid_ns_url(), 'mylogly.app/apple_google/PREPARATION_AND_RECOVERY'), 'apple_google', 'PREPARATION_AND_RECOVERY', '316fac7f-4c2d-5c44-9c2a-f5a7473311c3'::uuid, null),
  (uuid_generate_v5(uuid_ns_url(), 'mylogly.app/apple_google/RACQUETBALL'), 'apple_google', 'RACQUETBALL', '3bc8434b-7fcc-5403-b679-f5356116f329'::uuid, null),
  (uuid_generate_v5(uuid_ns_url(), 'mylogly.app/apple_google/ROCK_CLIMBING'), 'apple_google', 'ROCK_CLIMBING', '22a91a4a-61b8-5686-b0a5-aaf5f7b265a4'::uuid, null),
  (uuid_generate_v5(uuid_ns_url(), 'mylogly.app/apple_google/ROWING'), 'apple_google', 'ROWING', '815db158-0e6a-5d40-b54f-365cae33cbb5'::uuid, null),
  (uuid_generate_v5(uuid_ns_url(), 'mylogly.app/apple_google/RUGBY'), 'apple_google', 'RUGBY', 'c07b4ff9-a962-5267-b41e-5d667d199661'::uuid, null),
  (uuid_generate_v5(uuid_ns_url(), 'mylogly.app/apple_google/RUNNING'), 'apple_google', 'RUNNING', '0b43c0a1-9849-5f47-b11e-2f2aed897e49'::uuid, null),
  (uuid_generate_v5(uuid_ns_url(), 'mylogly.app/apple_google/RUNNING_TREADMILL'), 'apple_google', 'RUNNING_TREADMILL', null, '7df14ec8-798c-5124-b836-6c76c073db6e'::uuid),
  (uuid_generate_v5(uuid_ns_url(), 'mylogly.app/apple_google/SAILING'), 'apple_google', 'SAILING', '00c95925-b8fb-5451-be92-378bd428a20a'::uuid, null),
  (uuid_generate_v5(uuid_ns_url(), 'mylogly.app/apple_google/SCUBA_DIVING'), 'apple_google', 'SCUBA_DIVING', '1a359ccd-a5d2-57fc-8dc1-91a57bcb7009'::uuid, null),
  (uuid_generate_v5(uuid_ns_url(), 'mylogly.app/apple_google/SKATING'), 'apple_google', 'SKATING', '50e07fb4-e6bb-5193-b70b-db56b94e1a3c'::uuid, null),
  (uuid_generate_v5(uuid_ns_url(), 'mylogly.app/apple_google/SKIING'), 'apple_google', 'SKIING', 'e8791fb3-bbcc-57e6-8371-b8d1eff192fa'::uuid, null),
  (uuid_generate_v5(uuid_ns_url(), 'mylogly.app/apple_google/SNOWBOARDING'), 'apple_google', 'SNOWBOARDING', '2f51aad2-bc70-58fe-9891-fe06df4cb885'::uuid, null),
  (uuid_generate_v5(uuid_ns_url(), 'mylogly.app/apple_google/SOCCER'), 'apple_google', 'SOCCER', 'efbdbb4f-71e0-5e1b-b0eb-5d706cbcea36'::uuid, null),
  (uuid_generate_v5(uuid_ns_url(), 'mylogly.app/apple_google/SOCIAL_DANCE'), 'apple_google', 'SOCIAL_DANCE', '100073e3-fcb1-5cc9-9598-7f3dd859758d'::uuid, null),
  (uuid_generate_v5(uuid_ns_url(), 'mylogly.app/apple_google/SOFTBALL'), 'apple_google', 'SOFTBALL', 'd8716c0a-ba51-5b49-8bd1-43a601a8b018'::uuid, null),
  (uuid_generate_v5(uuid_ns_url(), 'mylogly.app/apple_google/SQUASH'), 'apple_google', 'SQUASH', '1574a40d-17b1-5331-982e-d1c7d808420b'::uuid, null),
  (uuid_generate_v5(uuid_ns_url(), 'mylogly.app/apple_google/STAIR_CLIMBING'), 'apple_google', 'STAIR_CLIMBING', null, '165fffb3-c814-5d83-9bee-a4b29bf08597'::uuid),
  (uuid_generate_v5(uuid_ns_url(), 'mylogly.app/apple_google/STAIR_CLIMBING_MACHINE'), 'apple_google', 'STAIR_CLIMBING_MACHINE', null, '165fffb3-c814-5d83-9bee-a4b29bf08597'::uuid),
  (uuid_generate_v5(uuid_ns_url(), 'mylogly.app/apple_google/STAIRS'), 'apple_google', 'STAIRS', '5ca919b2-5b4d-59c5-ba55-fd509a9bdef0'::uuid, null),
  (uuid_generate_v5(uuid_ns_url(), 'mylogly.app/apple_google/STEP_TRAINING'), 'apple_google', 'STEP_TRAINING', '5ca919b2-5b4d-59c5-ba55-fd509a9bdef0'::uuid, null),
  (uuid_generate_v5(uuid_ns_url(), 'mylogly.app/apple_google/STRENGTH_TRAINING'), 'apple_google', 'STRENGTH_TRAINING', '370dc58b-3eb5-5f50-a1e3-36a14e563576'::uuid, null),
  (uuid_generate_v5(uuid_ns_url(), 'mylogly.app/apple_google/SURFING'), 'apple_google', 'SURFING', 'deb94022-33d7-5020-aa86-ca2efc86aa23'::uuid, null),
  (uuid_generate_v5(uuid_ns_url(), 'mylogly.app/apple_google/SWIMMING'), 'apple_google', 'SWIMMING', '6f64bdd9-4325-555f-bb04-5971164a883d'::uuid, null),
  (uuid_generate_v5(uuid_ns_url(), 'mylogly.app/apple_google/SWIMMING_OPEN_WATER'), 'apple_google', 'SWIMMING_OPEN_WATER', '6f64bdd9-4325-555f-bb04-5971164a883d'::uuid, null),
  (uuid_generate_v5(uuid_ns_url(), 'mylogly.app/apple_google/SWIMMING_POOL'), 'apple_google', 'SWIMMING_POOL', '6f64bdd9-4325-555f-bb04-5971164a883d'::uuid, null),
  (uuid_generate_v5(uuid_ns_url(), 'mylogly.app/apple_google/TABLE_TENNIS'), 'apple_google', 'TABLE_TENNIS', 'e9e5d45a-1e33-5803-8614-ee2dd87ce8f2'::uuid, null),
  (uuid_generate_v5(uuid_ns_url(), 'mylogly.app/apple_google/TENNIS'), 'apple_google', 'TENNIS', '1bc4d2ee-df42-5f55-ad54-bbee92af6137'::uuid, null),
  (uuid_generate_v5(uuid_ns_url(), 'mylogly.app/apple_google/TRACK_AND_FIELD'), 'apple_google', 'TRACK_AND_FIELD', 'c67f6787-3818-52f1-8094-49f25135337b'::uuid, null),
  (uuid_generate_v5(uuid_ns_url(), 'mylogly.app/apple_google/TRADITIONAL_STRENGTH_TRAINING'), 'apple_google', 'TRADITIONAL_STRENGTH_TRAINING', '370dc58b-3eb5-5f50-a1e3-36a14e563576'::uuid, null),
  (uuid_generate_v5(uuid_ns_url(), 'mylogly.app/apple_google/VOLLEYBALL'), 'apple_google', 'VOLLEYBALL', 'ab7b3e31-0081-513c-87d0-4dd24a19a48c'::uuid, null),
  (uuid_generate_v5(uuid_ns_url(), 'mylogly.app/apple_google/WALKING'), 'apple_google', 'WALKING', '647223e3-ff67-597d-bea4-6b188ea08872'::uuid, null),
  (uuid_generate_v5(uuid_ns_url(), 'mylogly.app/apple_google/WATER_FITNESS'), 'apple_google', 'WATER_FITNESS', 'dd424672-11e2-5f5a-a695-f84ecdb17251'::uuid, null),
  (uuid_generate_v5(uuid_ns_url(), 'mylogly.app/apple_google/WATER_POLO'), 'apple_google', 'WATER_POLO', 'b0d1e637-4c98-5b36-8eda-46420190dda2'::uuid, null),
  (uuid_generate_v5(uuid_ns_url(), 'mylogly.app/apple_google/WATER_SPORTS'), 'apple_google', 'WATER_SPORTS', 'dd424672-11e2-5f5a-a695-f84ecdb17251'::uuid, null),
  (uuid_generate_v5(uuid_ns_url(), 'mylogly.app/apple_google/WEIGHTLIFTING'), 'apple_google', 'WEIGHTLIFTING', 'a67e680e-460a-5941-9fa8-56bf5a2ebce6'::uuid, null),
  (uuid_generate_v5(uuid_ns_url(), 'mylogly.app/apple_google/WRESTLING'), 'apple_google', 'WRESTLING', 'ddf32b33-d9ae-5b87-95f2-0a0c67f87c64'::uuid, null),
  (uuid_generate_v5(uuid_ns_url(), 'mylogly.app/apple_google/YOGA'), 'apple_google', 'YOGA', '7f4c9d8f-91f3-5e0e-8f0c-c63d79e59bec'::uuid, null);

-- set the use_for_pace_calculation flag to true for activities
-- that have both duration and distance
update activity_detail
set use_for_pace_calculation = true
where activity_detail_type in ('duration', 'distance')
  and activity_id in (
    select a.activity_id
    from activity a
    where exists (
        select 1
        from activity_detail ad1
        where activity_detail_type = 'duration'
          and ad1.activity_id = a.activity_id
        group by ad1.activity_id
        having count(1) = 1
      )
      and exists (
        select 1
        from activity_detail ad2
        where activity_detail_type = 'distance'
          and ad2.activity_id = a.activity_id
        group by ad2.activity_id
        having count(1) = 1
      )
  );

update activity
set is_suggested_favorite = true
where activity_id in (
  '3eef0f92-5b52-580a-a3b5-e9b6399cb1bf',
  'f04fa7df-b8bc-5307-ab80-7295850e1981',
  '68147d7a-a4d5-5970-a71a-04e4067577d1',
  '06b950be-8a77-5bc1-8524-ad30e5701c0b',
  '0f45c744-2957-54fc-82b7-6ea0dd9fd8a3',
  '8e0dc783-93a1-57dc-b736-4094b4e11611',
  '4cc6fd6a-54e3-5490-bbe0-0d315c6127c4',
  'd265fab5-6985-5f20-8449-95f26857da33',
  '1b5f4957-2ddd-5436-ad72-f6f6361f2762',
  '64993a40-a339-5c17-9674-8cab8c208939',
  '30cdb035-f8b9-5a5b-a46b-8afbbe158c3a',
  '100cbd92-331c-5a05-a9f2-428e9cabc4b5',
  '1281a1f8-c2b1-5d30-994d-2ba35d3fae3d',
  '60fb715e-7e98-5e08-9da6-04f7c182fd1f',
  'd9e31dca-a449-5cfd-854a-52ceeaa328ae',
  'c179cbf7-e7dc-5c61-b468-e3ad7563f2d9',
  '9f2bdd86-8380-5a79-a426-d0c0061b7aca',
  '139073e1-66d0-5e84-b5f8-016bb4b930cd',
  '176839a2-9c3e-596d-b1b1-4a77ba16f3cf',
  '761cee39-9bea-5f2a-81ff-909e722d54e5',
  '4bcdf28d-03db-59e7-b731-e2ed13e4c45d',
  '527e3c27-bdd5-5df6-8cee-2310ca802366',
  'e69abe3c-4380-5123-b26c-069e08228b8d',
  'c5a630d8-c585-5c19-bbc7-604dbcb74334',
  'c4fc9dfa-b272-5476-926d-524f4b19964f',
  '1bd92b1c-1c91-537c-938e-9a0243bff017',
  'cf89ab22-afb6-5750-8896-4f4edc2d7d16',
  '333f4d52-e05c-5aed-a009-43fdc73b4758',
  '83b3f160-bb5c-593b-905c-edf1e726c9d8',
  'e21fe419-ef94-5939-bbe5-d9a6e12b24d7',
  '127162ea-ed94-53a4-a356-e775ca07c159',
  '8a0ea615-9f6c-5f96-a916-1a112329d279',
  '3beadadb-24d8-5391-a7be-9b882467cbd3',
  '3efaf8be-0564-551c-ba2b-1d6aacdba0b2',
  'e01df0d5-76c6-55ed-aec4-e245f62f9300',
  '0a323c92-e4af-58bd-968b-0c25484c7e6f',
  'e04490ea-83ff-5bfc-bf51-268a98dcb88c',
  '45cbe4d6-2b12-53f3-90cc-cd8f5da3442c',
  '8aacc13b-574f-5b50-9d7a-63c1b6d79377',
  '450bb979-7a8e-569b-b6b7-0ba5fec9ba53',
  'c9537d01-0d7c-53fa-a9ed-54781075a22d',
  '922a95c6-b479-5f44-af44-228d078fe4c5',
  '00c95925-b8fb-5451-be92-378bd428a20a',
  '1a359ccd-a5d2-57fc-8dc1-91a57bcb7009',
  'e8791fb3-bbcc-57e6-8371-b8d1eff192fa',
  '2f51aad2-bc70-58fe-9891-fe06df4cb885',
  'e9e5d45a-1e33-5803-8614-ee2dd87ce8f2',
  '1bc4d2ee-df42-5f55-ad54-bbee92af6137',
  '13d13031-dffb-5e15-87dc-1e842435b1a5',
  '07131afc-bdd1-5040-9eef-f636dc56d11b',
  '925a01b6-d9c1-5908-bdd1-6b460f414db5',
  '8870faea-30d4-52db-9659-8c75a0ba9ce3',
  '6e0d91f2-49dd-5018-896f-681a212cd475',
  'bce5b280-977d-543f-b56d-20b1e3b3bc2f',
  '0b43c0a1-9849-5f47-b11e-2f2aed897e49',
  '370dc58b-3eb5-5f50-a1e3-36a14e563576',
  'ccbdf98f-cddb-5242-a68b-ce69fc0880c8',
  '6f64bdd9-4325-555f-bb04-5971164a883d',
  '647223e3-ff67-597d-bea4-6b188ea08872',
  'a67e680e-460a-5941-9fa8-56bf5a2ebce6',
  '7f4c9d8f-91f3-5e0e-8f0c-c63d79e59bec'
);

update public.activity
set pace_type =
  case
    when name in ('Run', 'Cycling', 'Hiking', 'Skiing') then 'minutesPerUom'::public.pace_type
    when name = 'Swim' then 'minutesPer100Uom'::public.pace_type
    when name = 'Rower' then 'minutesPer500m'::public.pace_type
    when name = 'Stairs' then 'floorsPerMinute'::public.pace_type
    else null
  end
where name in (
  'Run',
  'Cycling',
  'Swim',
  'Rower',
  'Hiking',
  'Stairs',
  'Skiing'
);

with user_days as (
  select *
  from (
    select
      user_id,
      generate_series(current_date - interval '500 days', current_date, interval '1 day')::date as day
    from public.profile
  ) x
  where random() >= 0.5
),
all_data as (
  select row_number() over(partition by ra.user_id, ra.day order by random()) as row_num,
    ra.user_id,
    ra.day,
    a.activity_id
  from user_days ra
    cross join public.activity a
)
insert into user_activity(user_id, activity_id, created_at, activity_timestamp)
select user_id,
       activity_id,
  day + (floor(random() * 24) || ' hours')::interval,
  day + (floor(random() * 24) || ' hours')::interval
from all_data
where row_num between 1 and 10 * random();

truncate table public.trending_activity;
insert into trending_activity(activity_id, activity_category_id, previous_rank, current_rank, rank_change)
select * from public.global_trending_activity();

insert into storage.buckets (id, name, public)
values
  ('sub_activity_icons', 'sub_activity_icons', true),
  ('activity_icons', 'activity_icons', true),
  ('activity_category_icons', 'activity_category_icons', true)
on conflict (id) do update set public = true;
